generation,best_fitness,mean_fitness,neuron_count,synapse_count
1,-3.698084,0,5,4
2,-3.224728,0,5,4
3,-3.187264,0,5,4
4,-3.167578,0,5,4
5,-2.967497,0,5,4
6,-2.948682,0,5,4
7,-2.948682,0,5,4
8,-2.914621,0,5,4
9,-2.754864,0,5,4
10,-2.158961,0,5,4
11,-1.789324,0,5,4
12,-1.789324,0,5,4
13,-1.787249,0,5,4
14,-1.785798,0,5,4
15,-1.785777,0,5,4
16,-1.776407,0,5,4
17,-1.767414,0,5,4
18,-1.757858,0,5,4
19,-1.722493,0,5,4
20,-1.722493,0,5,4
21,-1.719656,0,5,4
22,-1.71933,0,5,4
23,-1.717321,0,5,4
24,-1.714339,0,5,4
25,-1.711188,0,5,4
26,-1.711188,0,5,4
27,-1.71089,0,5,4
28,-1.697439,0,6,6
29,-1.69617,0,6,6
30,-1.695502,0,6,6
31,-1.680917,0,6,6
32,-1.674227,0,6,6
33,-1.663884,0,6,6
34,-1.652646,0,6,6
35,-1.642671,0,6,6
36,-1.641972,0,6,6
37,-1.641393,0,6,6
38,-1.641033,0,6,6
39,-1.640637,0,6,6
40,-1.637882,0,6,6
41,-1.637134,0,6,6
42,-1.635538,0,6,6
43,-1.633791,0,6,6
44,-1.631342,0,6,6
45,-1.629432,0,6,6
46,-1.629382,0,6,6
47,-1.628749,0,6,6
48,-1.628127,0,6,6
49,-1.627023,0,6,6
50,-1.626682,0,6,6
51,-1.625959,0,6,6
52,-1.624823,0,6,6
53,-0.840925,0,6,6
54,-0.840224,0,6,6
55,-0.82894,0,6,6
56,-0.827729,0,6,6
57,-0.827713,0,6,6
58,-0.826653,0,6,6
59,-0.820767,0,6,6
60,-0.820767,0,6,6
61,-0.819673,0,6,6
62,-0.819195,0,6,6
63,-0.819195,0,6,6
64,-0.818796,0,6,6
65,-0.818105,0,6,6
66,-0.816717,0,6,6
67,-0.814258,0,6,6
68,-0.809318,0,6,6
69,-0.801477,0,6,6
70,-0.789254,0,6,6
71,-0.770355,0,6,6
72,-0.748325,0,6,6
73,-0.729808,0,6,6
74,-0.729808,0,6,6
75,-0.72963,0,6,6
76,-0.729391,0,6,6
77,-0.728916,0,6,6
78,-0.728278,0,6,6
79,-0.728044,0,6,6
80,-0.728044,0,6,6
81,-0.728044,0,6,6
82,-0.728034,0,6,6
83,-0.728034,0,6,6
84,-0.728003,0,6,6
85,-0.72796,0,6,6
86,-0.72755,0,6,6
87,-0.715591,0,6,6
88,-0.707589,0,6,6
89,-0.698608,0,6,6
90,-0.69514,0,6,6
91,-0.695074,0,6,6
92,-0.694846,0,6,6
93,-0.694472,0,6,6
94,-0.691986,0,6,6
95,-0.690455,0,6,6
96,-0.690449,0,6,6
97,-0.689059,0,6,6
98,-0.687761,0,6,6
99,-0.686738,0,6,6
100,-0.686731,0,6,6
101,-0.686609,0,6,6
102,-0.686412,0,6,6
103,-0.686339,0,6,6
104,-0.686339,0,6,6
105,-0.686259,0,6,6
106,-0.686113,0,6,6
107,-0.686113,0,6,6
108,-0.686064,0,6,6
109,-0.686027,0,8,9
110,-0.686027,0,8,9
111,-0.686027,0,8,9
112,-0.685968,0,8,9
113,-0.685938,0,8,9
114,-0.685634,0,8,9
115,-0.685611,0,8,9
116,-0.685611,0,8,9
117,-0.68561,0,8,9
118,-0.685607,0,8,9
119,-0.6856,0,8,9
120,-0.68559,0,8,9
121,-0.685578,0,8,9
122,-0.685578,0,8,9
123,-0.685578,0,8,9
124,-0.685575,0,8,9
125,-0.685575,0,8,9
126,-0.685547,0,8,9
127,-0.685547,0,8,9
128,-0.685514,0,8,9
129,-0.68551,0,8,9
130,-0.68549,0,8,9
131,-0.685465,0,8,9
132,-0.685434,0,8,9
133,-0.685434,0,8,9
134,-0.685434,0,8,9
135,-0.685358,0,9,15
136,-0.68501,0,9,15
137,-0.684672,0,9,15
138,-0.684414,0,9,15
139,-0.684342,0,9,15
140,-0.684301,0,9,15
141,-0.684268,0,9,15
142,-0.684215,0,9,15
143,-0.683668,0,9,15
144,-0.683668,0,9,15
145,-0.683649,0,9,15
146,-0.683625,0,9,15
147,-0.683595,0,9,15
148,-0.683525,0,9,15
149,-0.683498,0,9,15
150,-0.683395,0,9,15
151,-0.683395,0,9,15
152,-0.682859,0,9,15
153,-0.682776,0,9,15
154,-0.682735,0,9,15
155,-0.682338,0,9,15
156,-0.680669,0,9,15
157,-0.680669,0,9,15
158,-0.679713,0,9,15
159,-0.6785,0,9,15
160,-0.677904,0,9,15
161,-0.677734,0,9,15
162,-0.674908,0,6,9
163,-0.668348,0,6,9
164,-0.666756,0,6,9
165,-0.666391,0,6,9
166,-0.666391,0,6,9
167,-0.66473,0,6,9
168,-0.66271,0,6,9
169,-0.66271,0,6,9
170,-0.661582,0,6,9
171,-0.659167,0,6,9
172,-0.657425,0,6,9
173,-0.652776,0,6,9
174,-0.647302,0,6,9
175,-0.647302,0,6,9
176,-0.647054,0,6,9
177,-0.646583,0,6,9
178,-0.645842,0,6,9
179,-0.644113,0,6,9
180,-0.639035,0,6,9
181,-0.633802,0,6,9
182,-0.633802,0,6,9
183,-0.630732,0,6,9
184,-0.628892,0,6,9
185,-0.628892,0,6,9
186,-0.628892,0,6,9
187,-0.628892,0,6,9
188,-0.628892,0,6,9
189,-0.628861,0,6,9
190,-0.628861,0,6,9
191,-0.62876,0,6,9
192,-0.628623,0,6,9
193,-0.628344,0,6,9
194,-0.627686,0,6,9
195,-0.626547,0,6,9
196,-0.626547,0,6,9
197,-0.626282,0,6,9
198,-0.626012,0,6,9
199,-0.625772,0,6,9
200,-0.62524,0,6,9
201,-0.62524,0,6,9
202,-0.62524,0,6,9
203,-0.62524,0,6,9
204,-0.62524,0,6,9
205,-0.62524,0,6,9
206,-0.62524,0,6,9
207,-0.62524,0,6,9
208,-0.62499,0,6,9
209,-0.624014,0,6,9
210,-0.622928,0,6,9
211,-0.622805,0,6,9
212,-0.622563,0,6,9
213,-0.622389,0,6,9
214,-0.622389,0,6,9
215,-0.622389,0,6,9
216,-0.622263,0,6,9
217,-0.622263,0,6,9
218,-0.621448,0,6,9
219,-0.621374,0,6,9
220,-0.621284,0,6,9
221,-0.62115,0,6,9
222,-0.620941,0,6,9
223,-0.620889,0,6,9
224,-0.620732,0,6,9
225,-0.620341,0,6,9
226,-0.62018,0,6,9
227,-0.620157,0,6,9
228,-0.619761,0,6,9
229,-0.619761,0,6,9
230,-0.619761,0,6,9
231,-0.61968,0,6,9
232,-0.61968,0,6,9
233,-0.61959,0,6,9
234,-0.619458,0,6,9
235,-0.619367,0,6,9
236,-0.619099,0,6,9
237,-0.618848,0,6,9
238,-0.61865,0,6,9
239,-0.618624,0,6,9
240,-0.618621,0,6,9
241,-0.618621,0,6,9
242,-0.618621,0,6,9
243,-0.618176,0,6,9
244,-0.617767,0,6,9
245,-0.617696,0,6,9
246,-0.617666,0,6,9
247,-0.617526,0,6,9
248,-0.617448,0,6,9
249,-0.617303,0,6,9
250,-0.617208,0,6,9
251,-0.617172,0,6,9
252,-0.617172,0,6,9
253,-0.617158,0,6,9
254,-0.617132,0,6,9
255,-0.616998,0,6,9
256,-0.616685,0,6,9
257,-0.616352,0,6,9
258,-0.615997,0,6,9
259,-0.615922,0,6,9
260,-0.615821,0,6,9
261,-0.6157,0,6,9
262,-0.615508,0,6,9
263,-0.615357,0,6,9
264,-0.61502,0,6,9
265,-0.614891,0,6,9
266,-0.614765,0,6,9
267,-0.61471,0,6,9
268,-0.61471,0,6,9
269,-0.61471,0,6,9
270,-0.61465,0,6,9
271,-0.614576,0,6,9
272,-0.614453,0,6,9
273,-0.614205,0,6,9
274,-0.61394,0,6,9
275,-0.613916,0,6,9
276,-0.613916,0,6,9
277,-0.61325,0,6,9
278,-0.61325,0,6,9
279,-0.613021,0,6,9
280,-0.613021,0,6,9
281,-0.612945,0,6,9
282,-0.612891,0,6,9
283,-0.61286,0,6,9
284,-0.612781,0,6,9
285,-0.612674,0,6,9
286,-0.612584,0,6,9
287,-0.612482,0,6,9
288,-0.612323,0,6,9
289,-0.612236,0,6,9
290,-0.612202,0,6,9
291,-0.612163,0,6,9
292,-0.612045,0,6,9
293,-0.612002,0,6,9
294,-0.612002,0,6,9
295,-0.612002,0,6,9
296,-0.612002,0,6,9
297,-0.612002,0,6,9
298,-0.612002,0,6,9
299,-0.612002,0,6,9
300,-0.612002,0,6,9
301,-0.611767,0,6,9
302,-0.611767,0,6,9
303,-0.611658,0,6,9
304,-0.611658,0,6,9
305,-0.611448,0,6,9
306,-0.611239,0,6,9
307,-0.611066,0,6,9
308,-0.611066,0,6,9
309,-0.611066,0,6,9
310,-0.611066,0,6,9
311,-0.611066,0,6,9
312,-0.611066,0,6,9
313,-0.611066,0,6,9
314,-0.611066,0,6,9
315,-0.611066,0,6,9
316,-0.611066,0,6,9
317,-0.611066,0,6,9
318,-0.611066,0,6,9
319,-0.611066,0,6,9
320,-0.611066,0,6,9
321,-0.611066,0,6,9
322,-0.610882,0,6,9
323,-0.610797,0,6,9
324,-0.610797,0,6,9
325,-0.610796,0,6,9
326,-0.610796,0,6,9
327,-0.610787,0,6,9
328,-0.610761,0,6,9
329,-0.610707,0,6,9
330,-0.610637,0,6,9
331,-0.610592,0,6,9
332,-0.610592,0,6,9
333,-0.610479,0,6,9
334,-0.610364,0,6,9
335,-0.61033,0,6,9
336,-0.610272,0,6,9
337,-0.610217,0,6,9
338,-0.610172,0,6,9
339,-0.610103,0,6,9
340,-0.610047,0,6,9
341,-0.610047,0,6,9
342,-0.610024,0,6,9
343,-0.609991,0,6,9
344,-0.609933,0,6,9
345,-0.609866,0,6,9
346,-0.609866,0,6,9
347,-0.609866,0,6,9
348,-0.609866,0,6,9
349,-0.609851,0,6,9
350,-0.609851,0,6,9
351,-0.609706,0,6,9
352,-0.609706,0,6,9
353,-0.609701,0,6,9
354,-0.609701,0,6,9
355,-0.609701,0,6,9
356,-0.609701,0,6,9
357,-0.609523,0,6,9
358,-0.609523,0,6,9
359,-0.609424,0,6,9
360,-0.609424,0,6,9
361,-0.609416,0,6,9
362,-0.609357,0,6,9
363,-0.609216,0,6,9
364,-0.609144,0,6,9
365,-0.608974,0,6,9
366,-0.608935,0,6,9
367,-0.608852,0,6,9
368,-0.608781,0,6,9
369,-0.608726,0,6,9
370,-0.608691,0,6,9
371,-0.608638,0,6,9
372,-0.608601,0,6,9
373,-0.608588,0,6,9
374,-0.608588,0,6,9
375,-0.608588,0,6,9
376,-0.608562,0,6,9
377,-0.608561,0,6,9
378,-0.608466,0,6,9
379,-0.60836,0,6,9
380,-0.608238,0,6,9
381,-0.608211,0,6,9
382,-0.608211,0,6,9
383,-0.60821,0,6,9
384,-0.60807,0,6,9
385,-0.607967,0,6,9
386,-0.607893,0,6,9
387,-0.607832,0,6,9
388,-0.607784,0,6,9
389,-0.60774,0,6,9
390,-0.607714,0,6,9
391,-0.607674,0,6,9
392,-0.607674,0,6,9
393,-0.607452,0,6,9
394,-0.607452,0,6,9
395,-0.607449,0,6,9
396,-0.607443,0,6,9
397,-0.607428,0,6,9
398,-0.607404,0,6,9
399,-0.607326,0,6,9
400,-0.60717,0,6,9
401,-0.606692,0,7,11
402,-0.606507,0,7,11
403,-0.606449,0,7,11
404,-0.606401,0,7,11
405,-0.606401,0,7,11
406,-0.606401,0,7,11
407,-0.606401,0,7,11
408,-0.606401,0,7,11
409,-0.606401,0,7,11
410,-0.606401,0,7,11
411,-0.606401,0,7,11
412,-0.606401,0,7,11
413,-0.606401,0,7,11
414,-0.606401,0,7,11
415,-0.606401,0,7,11
416,-0.606401,0,7,11
417,-0.606401,0,7,11
418,-0.606401,0,7,11
419,-0.606253,0,7,11
420,-0.605742,0,7,11
421,-0.605742,0,7,11
422,-0.605592,0,7,11
423,-0.605508,0,7,11
424,-0.605414,0,7,11
425,-0.605358,0,7,11
426,-0.605358,0,7,11
427,-0.605318,0,7,11
428,-0.605318,0,7,12
429,-0.605318,0,7,12
430,-0.605095,0,7,12
431,-0.605095,0,7,12
432,-0.604411,0,7,12
433,-0.604411,0,7,12
434,-0.604411,0,7,12
435,-0.604411,0,7,12
436,-0.604411,0,7,12
437,-0.604411,0,7,12
438,-0.604411,0,7,12
439,-0.604411,0,7,12
440,-0.604411,0,7,12
441,-0.604411,0,7,12
442,-0.604411,0,7,12
443,-0.604411,0,7,12
444,-0.604411,0,7,12
445,-0.604137,0,7,12
446,-0.604131,0,7,12
447,-0.603993,0,7,12
448,-0.603969,0,7,12
449,-0.603969,0,7,12
450,-0.60388,0,7,12
451,-0.603874,0,7,12
452,-0.603596,0,7,12
453,-0.603435,0,7,12
454,-0.603218,0,7,12
455,-0.603152,0,7,12
456,-0.603152,0,7,12
457,-0.603152,0,7,12
458,-0.603152,0,7,12
459,-0.603152,0,7,12
460,-0.603152,0,7,12
461,-0.603152,0,7,12
462,-0.603152,0,7,12
463,-0.603152,0,7,12
464,-0.603152,0,7,12
465,-0.603152,0,7,12
466,-0.603152,0,7,12
467,-0.603152,0,7,12
468,-0.603152,0,7,12
469,-0.603152,0,7,12
470,-0.603132,0,7,12
471,-0.602019,0,7,12
472,-0.602019,0,7,12
473,-0.602019,0,7,12
474,-0.602019,0,7,12
475,-0.60186,0,7,12
476,-0.60186,0,7,12
477,-0.60159,0,7,12
478,-0.60159,0,7,12
479,-0.60111,0,7,12
480,-0.60111,0,7,14
481,-0.60111,0,7,14
482,-0.601062,0,7,14
483,-0.601062,0,7,14
484,-0.600972,0,7,14
485,-0.600972,0,7,14
486,-0.600962,0,7,14
487,-0.600838,0,7,14
488,-0.600589,0,7,14
489,-0.600548,0,7,14
490,-0.600515,0,7,14
491,-0.600515,0,7,14
492,-0.600506,0,7,14
493,-0.600506,0,7,14
494,-0.600455,0,7,14
495,-0.600408,0,7,14
496,-0.600325,0,7,14
497,-0.600276,0,7,14
498,-0.600206,0,7,14
499,-0.600194,0,7,14
500,-0.600194,0,7,14
501,-0.600194,0,7,14
502,-0.60013,0,7,14
503,-0.60013,0,7,14
504,-0.60013,0,7,14
505,-0.60013,0,7,15
506,-0.60013,0,7,15
507,-0.6001,0,7,15
508,-0.600073,0,7,15
509,-0.600049,0,7,15
510,-0.600023,0,7,15
511,-0.59999,0,7,15
512,-0.599982,0,7,15
513,-0.599861,0,7,15
514,-0.59982,0,7,15
515,-0.599464,0,7,15
516,-0.599243,0,7,15
517,-0.599035,0,7,15
518,-0.598859,0,7,15
519,-0.598845,0,7,15
520,-0.598527,0,7,15
521,-0.598299,0,7,15
522,-0.598193,0,7,15
523,-0.598064,0,7,15
524,-0.598064,0,7,15
525,-0.59612,0,7,15
526,-0.595539,0,7,15
527,-0.595539,0,7,15
528,-0.595458,0,7,15
529,-0.595399,0,7,15
530,-0.595387,0,7,15
531,-0.595387,0,7,15
532,-0.595387,0,7,15
533,-0.595387,0,7,15
534,-0.595384,0,7,15
535,-0.595381,0,7,15
536,-0.595376,0,7,15
537,-0.595361,0,7,15
538,-0.595348,0,7,15
539,-0.595348,0,7,15
540,-0.595347,0,7,15
541,-0.595344,0,7,15
542,-0.595339,0,7,15
543,-0.59533,0,7,15
544,-0.595317,0,7,15
545,-0.59529,0,7,15
546,-0.595108,0,7,15
547,-0.594727,0,7,15
548,-0.594646,0,7,15
549,-0.594646,0,7,15
550,-0.594423,0,7,15
551,-0.594235,0,7,15
552,-0.594206,0,7,15
553,-0.594179,0,7,15
554,-0.594158,0,7,15
555,-0.594151,0,7,15
556,-0.594151,0,7,15
557,-0.594098,0,7,15
558,-0.594049,0,7,15
559,-0.594049,0,7,15
560,-0.594013,0,7,15
561,-0.593966,0,7,15
562,-0.593919,0,7,15
563,-0.593919,0,7,15
564,-0.593919,0,7,15
565,-0.593865,0,7,15
566,-0.593865,0,7,15
567,-0.593865,0,7,15
568,-0.593865,0,7,15
569,-0.593863,0,7,15
570,-0.593857,0,7,15
571,-0.593847,0,7,15
572,-0.593841,0,7,15
573,-0.593808,0,7,15
574,-0.593788,0,7,15
575,-0.593788,0,7,15
576,-0.593788,0,7,15
577,-0.593788,0,7,15
578,-0.593788,0,7,15
579,-0.593784,0,7,15
580,-0.593768,0,7,15
581,-0.593751,0,7,15
582,-0.593749,0,7,15
583,-0.593748,0,7,15
584,-0.593737,0,7,15
585,-0.593673,0,7,14
586,-0.593654,0,7,14
587,-0.593263,0,7,14
588,-0.593263,0,7,14
589,-0.593157,0,7,14
590,-0.59311,0,7,14
591,-0.593062,0,7,14
592,-0.592959,0,7,14
593,-0.592914,0,7,14
594,-0.592895,0,7,14
595,-0.592826,0,7,14
596,-0.592793,0,7,14
597,-0.592629,0,7,14
598,-0.592574,0,7,14
599,-0.592547,0,7,14
600,-0.592484,0,7,14
601,-0.59241,0,7,14
602,-0.592352,0,7,14
603,-0.592291,0,7,14
604,-0.592267,0,7,14
605,-0.592258,0,7,14
606,-0.592254,0,7,14
607,-0.592201,0,7,14
608,-0.592126,0,7,14
609,-0.592075,0,7,14
610,-0.592045,0,7,14
611,-0.59176,0,7,14
612,-0.59172,0,7,14
613,-0.59164,0,7,14
614,-0.59164,0,7,14
615,-0.59164,0,7,14
616,-0.59164,0,7,14
617,-0.591469,0,7,14
618,-0.591469,0,7,14
619,-0.59138,0,7,14
620,-0.59133,0,7,14
621,-0.591264,0,7,14
622,-0.591121,0,7,14
623,-0.591121,0,7,14
624,-0.591059,0,7,14
625,-0.590993,0,7,14
626,-0.590939,0,7,14
627,-0.590868,0,7,14
628,-0.590796,0,7,14
629,-0.590771,0,7,14
630,-0.590771,0,7,14
631,-0.590771,0,7,14
632,-0.59075,0,7,14
633,-0.59075,0,7,14
634,-0.590734,0,7,14
635,-0.590669,0,7,14
636,-0.590525,0,7,14
637,-0.590494,0,7,14
638,-0.59042,0,7,14
639,-0.590395,0,7,14
640,-0.590395,0,7,14
641,-0.590395,0,7,14
642,-0.590395,0,7,14
643,-0.590259,0,7,14
644,-0.589909,0,7,14
645,-0.589909,0,7,14
646,-0.589909,0,7,14
647,-0.589909,0,7,14
648,-0.589909,0,7,14
649,-0.589909,0,7,14
650,-0.589909,0,7,14
651,-0.589909,0,7,14
652,-0.589909,0,7,14
653,-0.589909,0,7,14
654,-0.589909,0,7,14
655,-0.589904,0,7,14
656,-0.589904,0,7,14
657,-0.589903,0,7,14
658,-0.589903,0,7,14
659,-0.589594,0,7,14
660,-0.589594,0,7,14
661,-0.58959,0,7,14
662,-0.589585,0,7,14
663,-0.58957,0,7,14
664,-0.589529,0,7,14
665,-0.589412,0,7,14
666,-0.589412,0,7,15
667,-0.589227,0,7,15
668,-0.589227,0,7,15
669,-0.589227,0,7,15
670,-0.589227,0,7,15
671,-0.589227,0,7,15
672,-0.589224,0,7,15
673,-0.589224,0,7,15
674,-0.589224,0,7,15
675,-0.589224,0,7,15
676,-0.589224,0,7,15
677,-0.589224,0,7,15
678,-0.589224,0,7,15
679,-0.589224,0,7,15
680,-0.589224,0,7,15
681,-0.589224,0,7,15
682,-0.589224,0,7,15
683,-0.589224,0,7,15
684,-0.589224,0,7,15
685,-0.589224,0,7,15
686,-0.589224,0,7,15
687,-0.589224,0,7,15
688,-0.589224,0,7,15
689,-0.589224,0,7,15
690,-0.589224,0,7,15
691,-0.589224,0,7,15
692,-0.589224,0,7,15
693,-0.589074,0,7,15
694,-0.588996,0,7,15
695,-0.588996,0,7,15
696,-0.588996,0,7,15
697,-0.588996,0,7,15
698,-0.588981,0,7,15
699,-0.588971,0,7,15
700,-0.588958,0,7,15
701,-0.588948,0,7,15
702,-0.588911,0,7,15
703,-0.5889,0,7,15
704,-0.588892,0,7,15
705,-0.588892,0,7,15
706,-0.588889,0,7,15
707,-0.588889,0,7,15
708,-0.588889,0,7,15
709,-0.588889,0,7,15
710,-0.588889,0,7,15
711,-0.588889,0,7,15
712,-0.588889,0,7,15
713,-0.588889,0,7,15
714,-0.588889,0,7,15
715,-0.588889,0,7,15
716,-0.588889,0,7,15
717,-0.588889,0,7,15
718,-0.588889,0,7,15
719,-0.588889,0,7,15
720,-0.588889,0,7,15
721,-0.588889,0,7,15
722,-0.588889,0,7,15
723,-0.588889,0,7,15
724,-0.588889,0,7,15
725,-0.588889,0,7,15
726,-0.588889,0,7,15
727,-0.588875,0,7,15
728,-0.588864,0,7,15
729,-0.588864,0,7,15
730,-0.588864,0,7,15
731,-0.588864,0,7,15
732,-0.588864,0,7,15
733,-0.588855,0,7,15
734,-0.588854,0,7,15
735,-0.588851,0,7,15
736,-0.588849,0,7,15
737,-0.588849,0,7,15
738,-0.588848,0,7,15
739,-0.588847,0,7,15
740,-0.588847,0,7,15
741,-0.588847,0,7,15
742,-0.588846,0,7,15
743,-0.588846,0,7,15
744,-0.588846,0,7,15
745,-0.588846,0,7,15
746,-0.588846,0,7,15
747,-0.588846,0,7,15
748,-0.588846,0,7,15
749,-0.588846,0,7,15
750,-0.588846,0,7,15
751,-0.588846,0,7,15
752,-0.588846,0,7,15
753,-0.588846,0,7,15
754,-0.588846,0,7,15
755,-0.588846,0,7,15
756,-0.588846,0,7,15
757,-0.588846,0,7,15
758,-0.588842,0,7,15
759,-0.588842,0,7,15
760,-0.588842,0,7,15
761,-0.588842,0,7,15
762,-0.588841,0,7,15
763,-0.588801,0,7,15
764,-0.588801,0,7,15
765,-0.588797,0,7,15
766,-0.588797,0,7,15
767,-0.588794,0,7,15
768,-0.588794,0,7,15
769,-0.588791,0,7,15
770,-0.588791,0,7,15
771,-0.588643,0,7,15
772,-0.588643,0,7,15
773,-0.588643,0,7,15
774,-0.588643,0,7,15
775,-0.588643,0,7,15
776,-0.588626,0,7,15
777,-0.588597,0,7,15
778,-0.588597,0,7,15
779,-0.588532,0,7,15
780,-0.588476,0,7,15
781,-0.588465,0,7,15
782,-0.588465,0,7,15
783,-0.588465,0,7,15
784,-0.588465,0,7,15
785,-0.588465,0,7,15
786,-0.588464,0,7,15
787,-0.588464,0,7,15
788,-0.588464,0,7,15
789,-0.588457,0,7,15
790,-0.588457,0,7,15
791,-0.588457,0,7,15
792,-0.588283,0,7,15
793,-0.588283,0,7,15
794,-0.588283,0,7,15
795,-0.588283,0,7,15
796,-0.588283,0,7,15
797,-0.588283,0,7,15
798,-0.588283,0,7,15
799,-0.588283,0,7,15
800,-0.588283,0,7,15
801,-0.588283,0,7,15
802,-0.588283,0,7,15
803,-0.588283,0,7,15
804,-0.588283,0,7,15
805,-0.588283,0,7,15
806,-0.588283,0,7,15
807,-0.588283,0,7,15
808,-0.588283,0,7,15
809,-0.588283,0,7,15
810,-0.588283,0,7,15
811,-0.588283,0,7,15
812,-0.588283,0,7,15
813,-0.588283,0,7,15
814,-0.588283,0,7,15
815,-0.588283,0,7,15
816,-0.588283,0,7,15
817,-0.588283,0,7,15
818,-0.588283,0,7,15
819,-0.588283,0,7,15
820,-0.588283,0,7,15
821,-0.588283,0,7,15
822,-0.588283,0,7,15
823,-0.588283,0,7,15
824,-0.588283,0,7,15
825,-0.588283,0,7,15
826,-0.588283,0,7,15
827,-0.588283,0,7,15
828,-0.588283,0,7,15
829,-0.588283,0,7,15
830,-0.588283,0,7,15
831,-0.588283,0,7,15
832,-0.588283,0,7,15
833,-0.588283,0,7,15
834,-0.588283,0,7,15
835,-0.588283,0,7,15
836,-0.588283,0,7,15
837,-0.588283,0,7,15
838,-0.588283,0,7,15
839,-0.588283,0,7,15
840,-0.588283,0,7,15
841,-0.588283,0,7,15
842,-0.588283,0,7,15
843,-0.588283,0,7,15
844,-0.588283,0,7,15
845,-0.588283,0,7,15
846,-0.588283,0,7,15
847,-0.588283,0,7,15
848,-0.588283,0,7,15
849,-0.588283,0,7,15
850,-0.588283,0,7,15
851,-0.588283,0,7,15
852,-0.588283,0,7,15
853,-0.588283,0,7,15
854,-0.588283,0,7,15
855,-0.588283,0,7,15
856,-0.588283,0,7,15
857,-0.588283,0,7,15
858,-0.588283,0,7,15
859,-0.588283,0,7,15
860,-0.588283,0,7,15
861,-0.588283,0,7,15
862,-0.588283,0,7,15
863,-0.588283,0,7,15
864,-0.588283,0,7,15
865,-0.588283,0,7,15
866,-0.588283,0,7,15
867,-0.588283,0,7,15
868,-0.588283,0,7,15
869,-0.588277,0,7,15
870,-0.588277,0,7,15
871,-0.588277,0,7,15
872,-0.588277,0,7,15
873,-0.588277,0,7,15
874,-0.588277,0,7,15
875,-0.588277,0,7,15
876,-0.588277,0,7,15
877,-0.588277,0,7,15
878,-0.588277,0,7,15
879,-0.588277,0,7,15
880,-0.588277,0,7,15
881,-0.588277,0,7,15
882,-0.588277,0,7,15
883,-0.588277,0,7,15
884,-0.588277,0,7,15
885,-0.588277,0,7,15
886,-0.588277,0,7,15
887,-0.588277,0,7,15
888,-0.588277,0,7,15
889,-0.588277,0,7,15
890,-0.588277,0,7,15
891,-0.588277,0,7,15
892,-0.588277,0,7,15
893,-0.588277,0,7,15
894,-0.588277,0,7,15
895,-0.588277,0,7,15
896,-0.588277,0,7,15
897,-0.588277,0,7,15
898,-0.588277,0,7,15
899,-0.588277,0,7,15
900,-0.588277,0,7,15
901,-0.588277,0,7,15
902,-0.588277,0,7,15
903,-0.588277,0,7,15
904,-0.588275,0,7,15
905,-0.588275,0,7,15
906,-0.588275,0,7,15
907,-0.588275,0,7,15
908,-0.588275,0,7,15
909,-0.588275,0,7,15
910,-0.588275,0,7,15
911,-0.588275,0,7,15
912,-0.588074,0,7,15
913,-0.588074,0,7,15
914,-0.588074,0,7,15
915,-0.588074,0,7,15
916,-0.588074,0,7,15
917,-0.588074,0,7,15
918,-0.588074,0,7,15
919,-0.588074,0,7,15
920,-0.588031,0,7,15
921,-0.588027,0,7,15
922,-0.588027,0,7,15
923,-0.587992,0,7,15
924,-0.587982,0,7,15
925,-0.587971,0,7,15
926,-0.587971,0,7,15
927,-0.587932,0,7,15
928,-0.587926,0,7,15
929,-0.587926,0,7,15
930,-0.587903,0,7,15
931,-0.587889,0,7,15
932,-0.587826,0,7,15
933,-0.587826,0,7,15
934,-0.587826,0,7,15
935,-0.587826,0,7,15
936,-0.587826,0,7,15
937,-0.587826,0,7,15
938,-0.587822,0,7,15
939,-0.587822,0,7,15
940,-0.587792,0,7,15
941,-0.587792,0,7,15
942,-0.587792,0,7,15
943,-0.587792,0,7,15
944,-0.587792,0,7,15
945,-0.587792,0,7,15
946,-0.587789,0,7,15
947,-0.587789,0,7,15
948,-0.587789,0,7,15
949,-0.587789,0,7,15
950,-0.587789,0,7,15
951,-0.587789,0,7,15
952,-0.587789,0,7,15
953,-0.587789,0,7,15
954,-0.587789,0,7,15
955,-0.587789,0,7,15
956,-0.587789,0,7,15
957,-0.587789,0,7,15
958,-0.587789,0,7,15
959,-0.587789,0,7,15
960,-0.587789,0,7,15
961,-0.587789,0,7,15
962,-0.587789,0,7,15
963,-0.587789,0,7,15
964,-0.587789,0,7,15
965,-0.587789,0,7,15
966,-0.587789,0,7,15
967,-0.587789,0,7,15
968,-0.587789,0,7,15
969,-0.587789,0,7,15
970,-0.587773,0,7,15
971,-0.587773,0,7,15
972,-0.587773,0,7,15
973,-0.587773,0,7,15
974,-0.587773,0,7,15
975,-0.587708,0,7,15
976,-0.587675,0,7,15
977,-0.587675,0,7,15
978,-0.587514,0,7,15
979,-0.587514,0,7,15
980,-0.587468,0,7,15
981,-0.587468,0,7,15
982,-0.587408,0,7,15
983,-0.587328,0,7,15
984,-0.587313,0,7,15
985,-0.587313,0,7,15
986,-0.587313,0,7,15
987,-0.587308,0,7,15
988,-0.5873,0,7,15
989,-0.58729,0,7,15
990,-0.587285,0,7,15
991,-0.587285,0,7,15
992,-0.587235,0,7,15
993,-0.587017,0,8,18
994,-0.58696,0,8,18
995,-0.586935,0,8,18
996,-0.586935,0,8,18
997,-0.586935,0,8,18
998,-0.586935,0,8,18
999,-0.586935,0,8,18
1000,-0.586935,0,8,18
1001,-0.586935,0,8,18
1002,-0.586935,0,8,18
1003,-0.586935,0,8,18
1004,-0.586887,0,8,18
1005,-0.586887,0,8,18
1006,-0.586887,0,8,18
1007,-0.586887,0,8,18
1008,-0.586809,0,8,18
1009,-0.586809,0,8,18
1010,-0.586809,0,8,18
1011,-0.586803,0,8,18
1012,-0.586785,0,8,18
1013,-0.586785,0,8,18
1014,-0.586783,0,8,18
1015,-0.586755,0,8,18
1016,-0.586445,0,8,18
1017,-0.586445,0,8,18
1018,-0.586445,0,8,18
1019,-0.586445,0,10,24
1020,-0.586445,0,10,24
1021,-0.586442,0,10,24
1022,-0.586439,0,10,24
1023,-0.586432,0,10,24
1024,-0.586411,0,10,24
1025,-0.58636,0,10,24
1026,-0.58629,0,10,24
1027,-0.586224,0,10,24
1028,-0.586219,0,10,24
1029,-0.58621,0,10,24
1030,-0.586177,0,10,24
1031,-0.586176,0,10,24
1032,-0.586169,0,10,24
1033,-0.586164,0,10,24
1034,-0.586164,0,10,24
1035,-0.586164,0,10,24
1036,-0.586164,0,10,24
1037,-0.586164,0,10,24
1038,-0.586164,0,10,24
1039,-0.586164,0,10,24
1040,-0.586164,0,10,24
1041,-0.586164,0,10,24
1042,-0.586164,0,10,24
1043,-0.586164,0,10,24
1044,-0.586164,0,10,24
1045,-0.586164,0,10,24
1046,-0.586164,0,10,24
1047,-0.586164,0,10,24
1048,-0.586164,0,10,24
1049,-0.586164,0,10,24
1050,-0.586164,0,10,24
1051,-0.586164,0,10,24
1052,-0.586164,0,10,24
1053,-0.586164,0,10,24
1054,-0.586164,0,10,24
1055,-0.586164,0,10,24
1056,-0.586164,0,10,24
1057,-0.586164,0,10,24
1058,-0.586164,0,10,24
1059,-0.585888,0,10,24
1060,-0.585881,0,10,24
1061,-0.585881,0,10,24
1062,-0.585881,0,10,24
1063,-0.585881,0,10,24
1064,-0.585881,0,10,24
1065,-0.585881,0,10,24
1066,-0.585839,0,10,24
1067,-0.585781,0,10,24
1068,-0.585765,0,10,24
1069,-0.585756,0,10,24
1070,-0.585701,0,10,24
1071,-0.585581,0,10,25
1072,-0.585581,0,10,25
1073,-0.585527,0,10,25
1074,-0.585523,0,10,25
1075,-0.585367,0,10,25
1076,-0.585128,0,10,25
1077,-0.584958,0,10,25
1078,-0.584792,0,10,25
1079,-0.584679,0,10,25
1080,-0.584679,0,10,25
1081,-0.584677,0,10,25
1082,-0.584675,0,10,25
1083,-0.584671,0,10,25
1084,-0.584666,0,10,25
1085,-0.584642,0,10,25
1086,-0.584642,0,10,25
1087,-0.584641,0,10,25
1088,-0.584639,0,10,25
1089,-0.584586,0,10,25
1090,-0.584586,0,10,25
1091,-0.584582,0,10,25
1092,-0.584581,0,10,25
1093,-0.584581,0,10,25
1094,-0.584581,0,10,25
1095,-0.584536,0,10,25
1096,-0.584536,0,10,25
1097,-0.584527,0,10,25
1098,-0.584482,0,10,25
1099,-0.584482,0,10,25
1100,-0.584277,0,10,25
1101,-0.584277,0,10,25
1102,-0.583972,0,10,25
1103,-0.583876,0,10,25
1104,-0.583744,0,10,25
1105,-0.583744,0,10,25
1106,-0.583711,0,10,25
1107,-0.583677,0,10,25
1108,-0.583677,0,10,25
1109,-0.583674,0,10,25
1110,-0.583669,0,10,25
1111,-0.583593,0,10,25
1112,-0.583574,0,10,25
1113,-0.583574,0,10,25
1114,-0.583574,0,10,25
1115,-0.583574,0,10,25
1116,-0.583569,0,10,25
1117,-0.583568,0,10,25
1118,-0.583558,0,10,25
1119,-0.583558,0,10,25
1120,-0.58352,0,10,25
1121,-0.583455,0,10,25
1122,-0.583431,0,10,25
1123,-0.583427,0,10,25
1124,-0.583427,0,10,25
1125,-0.583427,0,10,26
1126,-0.583427,0,10,26
1127,-0.583384,0,10,26
1128,-0.583384,0,10,26
1129,-0.583384,0,10,26
1130,-0.583375,0,10,26
1131,-0.583375,0,10,26
1132,-0.583361,0,10,26
1133,-0.583349,0,10,26
1134,-0.583348,0,10,26
1135,-0.583348,0,10,26
1136,-0.583341,0,10,26
1137,-0.583334,0,10,26
1138,-0.583286,0,10,26
1139,-0.583157,0,10,26
1140,-0.583157,0,10,26
1141,-0.583157,0,10,26
1142,-0.583157,0,10,26
1143,-0.583157,0,10,26
1144,-0.583157,0,10,26
1145,-0.583157,0,10,26
1146,-0.583152,0,10,26
1147,-0.583152,0,10,26
1148,-0.583147,0,10,26
1149,-0.583147,0,10,26
1150,-0.583109,0,10,26
1151,-0.583109,0,10,26
1152,-0.583085,0,10,26
1153,-0.58297,0,10,26
1154,-0.582963,0,10,26
1155,-0.58281,0,10,26
1156,-0.582698,0,10,26
1157,-0.582609,0,10,26
1158,-0.582601,0,10,26
1159,-0.582553,0,10,26
1160,-0.582553,0,10,26
1161,-0.582553,0,10,26
1162,-0.582553,0,10,26
1163,-0.582553,0,10,26
1164,-0.582553,0,10,26
1165,-0.582553,0,10,26
1166,-0.582553,0,10,26
1167,-0.582553,0,10,26
1168,-0.582553,0,10,26
1169,-0.582553,0,10,26
1170,-0.582553,0,10,26
1171,-0.582553,0,10,26
1172,-0.582553,0,10,26
1173,-0.582553,0,10,26
1174,-0.582553,0,10,26
1175,-0.582553,0,10,26
1176,-0.582553,0,10,26
1177,-0.582553,0,10,26
1178,-0.582553,0,10,26
1179,-0.582553,0,10,26
1180,-0.582548,0,10,26
1181,-0.582542,0,10,26
1182,-0.582535,0,10,26
1183,-0.582525,0,10,26
1184,-0.582388,0,10,26
1185,-0.582388,0,10,26
1186,-0.582388,0,10,26
1187,-0.582355,0,10,26
1188,-0.582355,0,10,26
1189,-0.582218,0,10,26
1190,-0.582218,0,10,26
1191,-0.582218,0,10,26
1192,-0.582218,0,10,26
1193,-0.582218,0,10,26
1194,-0.582218,0,10,26
1195,-0.582218,0,10,26
1196,-0.582218,0,10,26
1197,-0.582218,0,10,26
1198,-0.582218,0,10,26
1199,-0.582218,0,10,26
1200,-0.582218,0,10,26
1201,-0.582218,0,11,28
1202,-0.582218,0,11,28
1203,-0.58211,0,11,28
1204,-0.582047,0,11,28
1205,-0.582047,0,11,28
1206,-0.582047,0,11,28
1207,-0.582047,0,11,28
1208,-0.582046,0,11,28
1209,-0.582046,0,11,28
1210,-0.582017,0,11,28
1211,-0.581981,0,11,28
1212,-0.581947,0,11,28
1213,-0.581947,0,11,28
1214,-0.581896,0,11,28
1215,-0.581619,0,11,28
1216,-0.581277,0,11,28
1217,-0.581022,0,11,28
1218,-0.580999,0,11,28
1219,-0.580999,0,11,28
1220,-0.580999,0,11,28
1221,-0.580997,0,11,28
1222,-0.580937,0,11,28
1223,-0.580937,0,11,28
1224,-0.580937,0,11,28
1225,-0.580937,0,11,28
1226,-0.580841,0,11,28
1227,-0.580841,0,11,27
1228,-0.580841,0,11,27
1229,-0.580776,0,11,27
1230,-0.580728,0,11,27
1231,-0.580722,0,11,27
1232,-0.58072,0,11,27
1233,-0.580686,0,11,27
1234,-0.580653,0,11,27
1235,-0.580648,0,11,27
1236,-0.580648,0,11,27
1237,-0.58059,0,11,27
1238,-0.580543,0,11,27
1239,-0.580543,0,11,27
1240,-0.580533,0,11,27
1241,-0.580533,0,11,27
1242,-0.580505,0,11,27
1243,-0.580505,0,11,27
1244,-0.580475,0,11,27
1245,-0.580475,0,11,27
1246,-0.580475,0,11,27
1247,-0.580475,0,11,27
1248,-0.580475,0,11,27
1249,-0.580468,0,11,27
1250,-0.580468,0,11,27
1251,-0.580467,0,11,27
1252,-0.580466,0,11,27
1253,-0.580465,0,11,27
1254,-0.580465,0,12,29
1255,-0.580464,0,12,29
1256,-0.580464,0,12,29
1257,-0.58044,0,12,29
1258,-0.58044,0,12,29
1259,-0.580158,0,12,29
1260,-0.580158,0,12,29
1261,-0.579726,0,12,29
1262,-0.579726,0,12,29
1263,-0.579726,0,12,29
1264,-0.579726,0,12,29
1265,-0.579726,0,12,29
1266,-0.579726,0,12,29
1267,-0.579726,0,12,29
1268,-0.579724,0,12,29
1269,-0.579715,0,12,29
1270,-0.579457,0,12,29
1271,-0.579263,0,12,29
1272,-0.579263,0,12,29
1273,-0.579246,0,12,29
1274,-0.579246,0,12,29
1275,-0.5792,0,12,29
1276,-0.579192,0,12,29
1277,-0.579192,0,12,29
1278,-0.579191,0,12,29
1279,-0.579191,0,12,30
1280,-0.5791,0,12,30
1281,-0.578996,0,12,30
1282,-0.578996,0,12,30
1283,-0.578931,0,12,30
1284,-0.578863,0,12,30
1285,-0.578803,0,12,30
1286,-0.578779,0,12,30
1287,-0.578762,0,12,30
1288,-0.578753,0,12,30
1289,-0.578753,0,12,30
1290,-0.578753,0,12,30
1291,-0.578753,0,12,30
1292,-0.577983,0,12,30
1293,-0.577983,0,12,30
1294,-0.577971,0,12,30
1295,-0.577959,0,12,30
1296,-0.577745,0,12,30
1297,-0.577736,0,12,30
1298,-0.57763,0,12,30
1299,-0.577599,0,12,30
1300,-0.577593,0,12,30
1301,-0.577584,0,12,30
1302,-0.577566,0,12,30
1303,-0.577525,0,12,30
1304,-0.577431,0,12,30
1305,-0.57736,0,12,30
1306,-0.577307,0,13,32
1307,-0.577307,0,13,32
1308,-0.577296,0,13,32
1309,-0.577292,0,13,32
1310,-0.577286,0,13,32
1311,-0.57712,0,13,32
1312,-0.576964,0,13,32
1313,-0.576848,0,13,32
1314,-0.576705,0,13,32
1315,-0.575979,0,13,32
1316,-0.575952,0,13,32
1317,-0.575923,0,13,32
1318,-0.575889,0,13,32
1319,-0.575889,0,13,32
1320,-0.575863,0,13,32
1321,-0.575639,0,13,32
1322,-0.575639,0,13,32
1323,-0.57551,0,13,32
1324,-0.57541,0,13,32
1325,-0.575129,0,13,32
1326,-0.57493,0,13,32
1327,-0.57492,0,13,32
1328,-0.574814,0,13,32
1329,-0.574662,0,13,32
1330,-0.574581,0,13,32
1331,-0.57453,0,13,32
1332,-0.574361,0,13,32
1333,-0.574361,0,14,32
1334,-0.574361,0,14,32
1335,-0.574361,0,14,32
1336,-0.574351,0,14,32
1337,-0.57434,0,14,32
1338,-0.574294,0,14,32
1339,-0.574254,0,14,32
1340,-0.574203,0,14,32
1341,-0.574201,0,14,32
1342,-0.574082,0,14,32
1343,-0.574082,0,14,32
1344,-0.574082,0,14,32
1345,-0.574082,0,14,32
1346,-0.574,0,14,32
1347,-0.573886,0,14,32
1348,-0.57382,0,14,32
1349,-0.57382,0,14,32
1350,-0.573814,0,14,32
1351,-0.573806,0,14,32
1352,-0.573786,0,14,32
1353,-0.573751,0,14,32
1354,-0.573567,0,14,32
1355,-0.573567,0,14,32
1356,-0.573435,0,14,32
1357,-0.573435,0,14,32
1358,-0.573431,0,14,32
1359,-0.573408,0,13,31
1360,-0.573408,0,13,31
1361,-0.573408,0,13,31
1362,-0.573408,0,13,31
1363,-0.573408,0,13,31
1364,-0.573408,0,13,31
1365,-0.573408,0,13,31
1366,-0.573408,0,13,31
1367,-0.573408,0,13,31
1368,-0.573408,0,13,31
1369,-0.573408,0,13,31
1370,-0.573408,0,13,31
1371,-0.573393,0,13,31
1372,-0.573389,0,13,31
1373,-0.573389,0,13,31
1374,-0.573363,0,13,31
1375,-0.573248,0,13,31
1376,-0.572979,0,13,31
1377,-0.572887,0,13,31
1378,-0.572704,0,13,31
1379,-0.572694,0,13,31
1380,-0.572682,0,13,31
1381,-0.572663,0,13,31
1382,-0.572641,0,13,31
1383,-0.572613,0,13,31
1384,-0.572572,0,13,31
1385,-0.572511,0,13,31
1386,-0.572511,0,13,32
1387,-0.572086,0,13,32
1388,-0.572086,0,13,32
1389,-0.572086,0,13,32
1390,-0.572086,0,13,32
1391,-0.572079,0,13,32
1392,-0.572069,0,13,32
1393,-0.572058,0,13,32
1394,-0.572022,0,13,32
1395,-0.571971,0,13,32
1396,-0.571931,0,13,32
1397,-0.571931,0,13,32
1398,-0.571931,0,13,32
1399,-0.571925,0,13,32
1400,-0.571912,0,13,32
1401,-0.571884,0,13,32
1402,-0.57186,0,13,32
1403,-0.57186,0,13,32
1404,-0.57186,0,13,32
1405,-0.57186,0,13,32
1406,-0.57186,0,13,32
1407,-0.571768,0,13,32
1408,-0.571768,0,13,32
1409,-0.571768,0,13,32
1410,-0.571768,0,13,32
1411,-0.571768,0,13,33
1412,-0.571762,0,13,33
1413,-0.571761,0,13,33
1414,-0.571718,0,13,33
1415,-0.5717,0,13,33
1416,-0.571674,0,13,33
1417,-0.571596,0,13,33
1418,-0.571278,0,13,33
1419,-0.570689,0,13,33
1420,-0.570067,0,13,33
1421,-0.569609,0,13,33
1422,-0.569609,0,13,33
1423,-0.569609,0,13,33
1424,-0.569448,0,13,33
1425,-0.569448,0,13,33
1426,-0.56927,0,13,33
1427,-0.56927,0,13,33
1428,-0.569254,0,13,33
1429,-0.569234,0,13,33
1430,-0.569209,0,13,33
1431,-0.569209,0,13,33
1432,-0.569181,0,13,33
1433,-0.569181,0,13,33
1434,-0.569176,0,13,33
1435,-0.569167,0,13,33
1436,-0.56915,0,13,33
1437,-0.569144,0,13,33
1438,-0.569102,0,13,33
1439,-0.569073,0,13,33
1440,-0.569072,0,13,33
1441,-0.569055,0,13,33
1442,-0.569047,0,13,33
1443,-0.569047,0,13,33
1444,-0.568942,0,13,33
1445,-0.568942,0,13,33
1446,-0.568911,0,13,33
1447,-0.568911,0,13,33
1448,-0.568911,0,13,33
1449,-0.568911,0,13,33
1450,-0.568911,0,13,33
1451,-0.568911,0,13,33
1452,-0.568905,0,13,33
1453,-0.568902,0,13,33
1454,-0.568827,0,13,33
1455,-0.568748,0,13,33
1456,-0.568737,0,13,33
1457,-0.568723,0,13,33
1458,-0.56872,0,13,33
1459,-0.56872,0,13,33
1460,-0.568708,0,13,33
1461,-0.568696,0,13,33
1462,-0.568686,0,13,33
1463,-0.568686,0,13,33
1464,-0.568686,0,13,33
1465,-0.568686,0,14,35
1466,-0.568665,0,14,35
1467,-0.568636,0,14,35
1468,-0.568594,0,14,35
1469,-0.568585,0,14,35
1470,-0.568464,0,14,35
1471,-0.568004,0,14,35
1472,-0.567888,0,14,35
1473,-0.567888,0,14,35
1474,-0.567888,0,14,35
1475,-0.567888,0,14,35
1476,-0.567888,0,14,35
1477,-0.567822,0,14,35
1478,-0.567809,0,14,35
1479,-0.567774,0,14,35
1480,-0.567762,0,14,35
1481,-0.567762,0,14,35
1482,-0.56776,0,14,35
1483,-0.567757,0,14,35
1484,-0.567752,0,14,35
1485,-0.567746,0,14,35
1486,-0.567741,0,14,35
1487,-0.567741,0,14,35
1488,-0.567741,0,14,35
1489,-0.567741,0,14,35
1490,-0.567741,0,13,33
1491,-0.567733,0,13,33
1492,-0.567723,0,13,33
1493,-0.567696,0,13,33
1494,-0.567623,0,13,33
1495,-0.567519,0,13,33
1496,-0.567454,0,13,33
1497,-0.567442,0,13,33
1498,-0.56744,0,13,33
1499,-0.56744,0,13,33
1500,-0.56744,0,13,33
1501,-0.56744,0,13,33
1502,-0.56744,0,13,33
1503,-0.56744,0,13,33
1504,-0.56744,0,13,33
1505,-0.567407,0,13,33
1506,-0.567407,0,13,33
1507,-0.567358,0,13,33
1508,-0.567349,0,13,33
1509,-0.567349,0,13,33
1510,-0.567338,0,13,33
1511,-0.567239,0,13,33
1512,-0.567136,0,13,33
1513,-0.567136,0,13,33
1514,-0.567136,0,13,33
1515,-0.567136,0,14,35
1516,-0.567136,0,14,35
1517,-0.567136,0,14,35
1518,-0.567086,0,14,35
1519,-0.567017,0,14,35
1520,-0.566953,0,14,35
1521,-0.56693,0,14,35
1522,-0.56693,0,14,35
1523,-0.56693,0,14,35
1524,-0.56693,0,14,35
1525,-0.56693,0,14,35
1526,-0.56693,0,14,35
1527,-0.56693,0,14,35
1528,-0.56693,0,14,35
1529,-0.56693,0,14,35
1530,-0.56693,0,14,35
1531,-0.56693,0,14,35
1532,-0.56693,0,14,35
1533,-0.56693,0,14,35
1534,-0.56693,0,14,35
1535,-0.56693,0,14,35
1536,-0.56693,0,14,35
1537,-0.56693,0,14,35
1538,-0.56693,0,14,35
1539,-0.56693,0,14,35
1540,-0.56693,0,14,35
1541,-0.56693,0,14,35
1542,-0.566919,0,14,35
1543,-0.566912,0,14,35
1544,-0.566912,0,14,35
1545,-0.566912,0,14,35
1546,-0.566912,0,14,35
1547,-0.566912,0,14,35
1548,-0.566912,0,14,35
1549,-0.566912,0,14,35
1550,-0.566912,0,14,35
1551,-0.566912,0,14,35
1552,-0.566912,0,14,35
1553,-0.566912,0,14,35
1554,-0.566912,0,14,35
1555,-0.566912,0,14,35
1556,-0.566912,0,14,35
1557,-0.566912,0,14,35
1558,-0.566912,0,14,35
1559,-0.566912,0,14,35
1560,-0.566912,0,14,35
1561,-0.566912,0,14,35
1562,-0.566912,0,14,35
1563,-0.566912,0,14,35
1564,-0.566912,0,14,35
1565,-0.566912,0,14,35
1566,-0.566912,0,14,35
1567,-0.566912,0,14,35
1568,-0.566912,0,14,35
1569,-0.566912,0,14,35
1570,-0.566912,0,14,35
1571,-0.566912,0,14,35
1572,-0.566912,0,14,35
1573,-0.566912,0,14,35
1574,-0.566912,0,14,35
1575,-0.566912,0,14,35
1576,-0.566912,0,14,35
1577,-0.566912,0,14,35
1578,-0.566912,0,14,35
1579,-0.566912,0,14,35
1580,-0.566912,0,14,35
1581,-0.566912,0,14,35
1582,-0.566912,0,14,35
1583,-0.566912,0,14,35
1584,-0.566912,0,14,35
1585,-0.566912,0,14,35
1586,-0.566912,0,14,35
1587,-0.566912,0,14,35
1588,-0.566912,0,14,35
1589,-0.566912,0,14,35
1590,-0.566912,0,14,35
1591,-0.566912,0,14,35
1592,-0.566912,0,14,35
1593,-0.566912,0,14,35
1594,-0.56691,0,14,35
1595,-0.56691,0,14,35
1596,-0.56691,0,14,35
1597,-0.56691,0,14,35
1598,-0.56691,0,14,35
1599,-0.56691,0,14,35
1600,-0.56691,0,14,35
1601,-0.56691,0,14,35
1602,-0.56691,0,14,35
1603,-0.56691,0,14,35
1604,-0.56691,0,14,35
1605,-0.56691,0,14,35
1606,-0.56691,0,14,35
1607,-0.56691,0,14,35
1608,-0.56691,0,14,35
1609,-0.56691,0,14,35
1610,-0.56691,0,14,35
1611,-0.56691,0,14,35
1612,-0.56691,0,14,35
1613,-0.56691,0,14,35
1614,-0.56691,0,14,35
1615,-0.56691,0,14,35
1616,-0.56691,0,14,35
1617,-0.56691,0,14,35
1618,-0.56691,0,14,35
1619,-0.56691,0,14,35
1620,-0.56691,0,14,35
1621,-0.56691,0,14,35
1622,-0.56691,0,14,35
1623,-0.56691,0,14,35
1624,-0.56691,0,14,35
1625,-0.56691,0,14,35
1626,-0.56691,0,14,35
1627,-0.56691,0,14,35
1628,-0.56691,0,14,35
1629,-0.56691,0,14,35
1630,-0.56691,0,14,35
1631,-0.56691,0,14,35
1632,-0.56691,0,14,35
1633,-0.56691,0,14,35
1634,-0.56691,0,14,35
1635,-0.56691,0,14,35
1636,-0.56691,0,14,35
1637,-0.56691,0,14,35
1638,-0.56691,0,14,35
1639,-0.56691,0,14,35
1640,-0.56691,0,14,35
1641,-0.56691,0,14,35
1642,-0.56691,0,14,35
1643,-0.56691,0,14,35
1644,-0.56691,0,14,35
1645,-0.56691,0,14,35
1646,-0.56691,0,14,35
1647,-0.56691,0,14,35
1648,-0.56691,0,14,35
1649,-0.56691,0,14,35
1650,-0.56691,0,14,35
1651,-0.56691,0,14,35
1652,-0.56691,0,14,35
1653,-0.56691,0,14,35
1654,-0.56691,0,14,35
1655,-0.56691,0,14,35
1656,-0.56691,0,14,35
1657,-0.56691,0,14,35
1658,-0.56691,0,14,35
1659,-0.56691,0,14,35
1660,-0.56691,0,14,35
1661,-0.56691,0,14,35
1662,-0.56691,0,14,35
1663,-0.56691,0,14,35
1664,-0.56691,0,14,35
1665,-0.56691,0,14,35
1666,-0.56691,0,14,35
1667,-0.566909,0,14,35
1668,-0.566907,0,14,35
1669,-0.566905,0,14,35
1670,-0.566899,0,14,35
1671,-0.566787,0,14,35
1672,-0.566712,0,14,35
1673,-0.566471,0,14,35
1674,-0.566213,0,14,35
1675,-0.566084,0,14,35
1676,-0.566082,0,14,35
1677,-0.56584,0,14,35
1678,-0.565652,0,14,35
1679,-0.565652,0,14,35
1680,-0.565652,0,14,35
1681,-0.565652,0,14,35
1682,-0.565652,0,14,35
1683,-0.565652,0,14,35
1684,-0.565507,0,14,35
1685,-0.565356,0,14,35
1686,-0.565285,0,14,35
1687,-0.565173,0,14,35
1688,-0.56514,0,14,35
1689,-0.565058,0,14,35
1690,-0.564927,0,14,35
1691,-0.564927,0,14,35
1692,-0.564927,0,14,35
1693,-0.564915,0,14,35
1694,-0.564899,0,14,35
1695,-0.564884,0,14,35
1696,-0.56488,0,14,35
1697,-0.564875,0,14,35
1698,-0.564777,0,14,35
1699,-0.564568,0,14,35
1700,-0.564491,0,14,35
1701,-0.564491,0,14,35
1702,-0.564491,0,14,35
1703,-0.564491,0,14,35
1704,-0.564491,0,14,35
1705,-0.564491,0,14,35
1706,-0.564491,0,14,35
1707,-0.564491,0,14,35
1708,-0.564491,0,14,35
1709,-0.564491,0,14,35
1710,-0.564491,0,14,35
1711,-0.564491,0,14,35
1712,-0.564491,0,14,35
1713,-0.564491,0,14,35
1714,-0.564491,0,14,35
1715,-0.564491,0,14,35
1716,-0.564485,0,14,35
1717,-0.564485,0,14,35
1718,-0.564485,0,14,35
1719,-0.564485,0,14,35
1720,-0.564485,0,14,35
1721,-0.564485,0,14,35
1722,-0.564485,0,14,35
1723,-0.564485,0,14,35
1724,-0.564485,0,14,35
1725,-0.564485,0,14,35
1726,-0.564485,0,14,35
1727,-0.564369,0,14,35
1728,-0.564196,0,14,35
1729,-0.564031,0,14,35
1730,-0.563975,0,14,35
1731,-0.563975,0,14,35
1732,-0.563854,0,14,35
1733,-0.563796,0,14,35
1734,-0.563796,0,14,35
1735,-0.563796,0,14,35
1736,-0.563796,0,14,35
1737,-0.563796,0,14,35
1738,-0.563796,0,14,35
1739,-0.563795,0,14,35
1740,-0.563643,0,14,35
1741,-0.563557,0,14,35
1742,-0.563557,0,14,35
1743,-0.563556,0,14,35
1744,-0.563556,0,14,35
1745,-0.563556,0,14,35
1746,-0.563556,0,14,35
1747,-0.563556,0,14,35
1748,-0.563556,0,14,35
1749,-0.563556,0,14,35
1750,-0.563556,0,14,35
1751,-0.563556,0,14,35
1752,-0.563556,0,14,35
1753,-0.563556,0,14,35
1754,-0.563556,0,14,35
1755,-0.563529,0,14,35
1756,-0.563476,0,14,35
1757,-0.563446,0,14,35
1758,-0.563422,0,14,35
1759,-0.563419,0,14,35
1760,-0.563418,0,14,35
1761,-0.563401,0,14,35
1762,-0.563401,0,14,35
1763,-0.5634,0,14,35
1764,-0.563377,0,14,35
1765,-0.563338,0,14,35
1766,-0.563307,0,14,35
1767,-0.563296,0,14,35
1768,-0.563296,0,14,35
1769,-0.563296,0,14,35
1770,-0.563296,0,14,35
1771,-0.563222,0,14,35
1772,-0.563176,0,14,35
1773,-0.563174,0,14,35
1774,-0.563163,0,14,35
1775,-0.563163,0,14,35
1776,-0.563125,0,14,35
1777,-0.563125,0,14,35
1778,-0.563125,0,14,35
1779,-0.56302,0,14,35
1780,-0.56302,0,14,35
1781,-0.56302,0,14,35
1782,-0.56302,0,14,35
1783,-0.56302,0,14,35
1784,-0.56302,0,14,35
1785,-0.56302,0,14,35
1786,-0.563015,0,14,35
1787,-0.563009,0,14,35
1788,-0.563001,0,14,35
1789,-0.562996,0,14,35
1790,-0.562987,0,14,35
1791,-0.562974,0,14,35
1792,-0.56296,0,14,35
1793,-0.562943,0,14,35
1794,-0.562943,0,14,35
1795,-0.562943,0,14,35
1796,-0.562943,0,14,36
1797,-0.562943,0,14,36
1798,-0.562943,0,14,36
1799,-0.562943,0,14,36
1800,-0.562943,0,14,36
1801,-0.562943,0,14,36
1802,-0.562943,0,14,36
1803,-0.562943,0,14,36
1804,-0.562943,0,14,36
1805,-0.562943,0,14,36
1806,-0.562943,0,14,36
1807,-0.562943,0,14,36
1808,-0.562943,0,14,36
1809,-0.562943,0,14,36
1810,-0.562922,0,14,36
1811,-0.562878,0,14,36
1812,-0.562865,0,14,36
1813,-0.562865,0,14,36
1814,-0.562865,0,14,36
1815,-0.562865,0,14,36
1816,-0.562865,0,14,36
1817,-0.562865,0,14,36
1818,-0.562865,0,14,36
1819,-0.562865,0,14,36
1820,-0.562865,0,14,36
1821,-0.562865,0,14,36
1822,-0.562865,0,14,36
1823,-0.562865,0,14,36
1824,-0.562865,0,14,36
1825,-0.562865,0,14,36
1826,-0.562865,0,14,36
1827,-0.562865,0,14,36
1828,-0.562865,0,14,36
1829,-0.562865,0,14,36
1830,-0.562865,0,14,36
1831,-0.562865,0,14,36
1832,-0.562865,0,14,36
1833,-0.562865,0,14,36
1834,-0.56286,0,14,36
1835,-0.56286,0,14,36
1836,-0.56286,0,14,36
1837,-0.56286,0,14,36
1838,-0.56286,0,14,36
1839,-0.56286,0,14,36
1840,-0.56286,0,14,36
1841,-0.56286,0,14,36
1842,-0.56286,0,14,36
1843,-0.56286,0,14,36
1844,-0.56286,0,14,36
1845,-0.56286,0,14,36
1846,-0.562148,0,14,36
1847,-0.562148,0,14,36
1848,-0.562028,0,14,36
1849,-0.56193,0,14,36
1850,-0.561885,0,14,36
1851,-0.561885,0,14,36
1852,-0.561827,0,14,36
1853,-0.561743,0,14,36
1854,-0.561726,0,14,36
1855,-0.561703,0,14,36
1856,-0.561653,0,14,36
1857,-0.561591,0,14,36
1858,-0.561483,0,14,36
1859,-0.561483,0,14,36
1860,-0.561483,0,14,36
1861,-0.561483,0,14,36
1862,-0.561483,0,14,36
1863,-0.56146,0,14,36
1864,-0.561453,0,14,36
1865,-0.561178,0,14,36
1866,-0.560689,0,14,36
1867,-0.560256,0,14,36
1868,-0.559996,0,14,36
1869,-0.559996,0,14,36
1870,-0.559922,0,14,36
1871,-0.559922,0,14,37
1872,-0.559913,0,14,37
1873,-0.559913,0,14,37
1874,-0.559913,0,14,37
1875,-0.559913,0,14,37
1876,-0.559913,0,14,37
1877,-0.559913,0,14,37
1878,-0.559913,0,14,37
1879,-0.559913,0,14,37
1880,-0.559913,0,14,37
1881,-0.559913,0,14,37
1882,-0.559913,0,14,37
1883,-0.559913,0,14,37
1884,-0.559913,0,14,37
1885,-0.559913,0,14,37
1886,-0.559913,0,14,37
1887,-0.559913,0,14,37
1888,-0.559913,0,14,37
1889,-0.559885,0,14,37
1890,-0.559885,0,14,37
1891,-0.55988,0,14,37
1892,-0.55988,0,14,37
1893,-0.559766,0,14,37
1894,-0.559667,0,14,37
1895,-0.559666,0,14,37
1896,-0.559666,0,14,37
1897,-0.559666,0,14,37
1898,-0.559637,0,15,39
1899,-0.559637,0,15,39
1900,-0.559635,0,15,39
1901,-0.559623,0,15,39
1902,-0.5596,0,15,39
1903,-0.559517,0,15,39
1904,-0.559427,0,15,39
1905,-0.559359,0,15,39
1906,-0.559359,0,15,39
1907,-0.559352,0,15,39
1908,-0.559352,0,15,39
1909,-0.559309,0,15,39
1910,-0.559309,0,15,39
1911,-0.559296,0,15,39
1912,-0.559293,0,15,39
1913,-0.559293,0,15,39
1914,-0.55927,0,15,39
1915,-0.55927,0,15,39
1916,-0.559269,0,15,39
1917,-0.559268,0,15,39
1918,-0.559263,0,15,39
1919,-0.559256,0,15,39
1920,-0.559248,0,15,39
1921,-0.559236,0,15,39
1922,-0.55923,0,15,39
1923,-0.559216,0,15,39
1924,-0.559186,0,15,39
1925,-0.559186,0,14,38
1926,-0.559112,0,14,38
1927,-0.559112,0,14,38
1928,-0.559112,0,14,38
1929,-0.559112,0,14,38
1930,-0.559112,0,14,38
1931,-0.559085,0,14,38
1932,-0.559085,0,14,38
1933,-0.559085,0,14,38
1934,-0.559083,0,14,38
1935,-0.559081,0,14,38
1936,-0.55908,0,14,38
1937,-0.55908,0,14,38
1938,-0.55908,0,14,38
1939,-0.55908,0,14,38
1940,-0.55908,0,14,38
1941,-0.55908,0,14,38
1942,-0.55908,0,14,38
1943,-0.55908,0,14,38
1944,-0.55908,0,14,38
1945,-0.55908,0,14,38
1946,-0.55908,0,14,38
1947,-0.55908,0,14,38
1948,-0.55908,0,14,38
1949,-0.55908,0,14,38
1950,-0.55908,0,14,38
1951,-0.55908,0,13,36
1952,-0.55908,0,13,36
1953,-0.55908,0,13,36
1954,-0.55908,0,13,36
1955,-0.559069,0,13,36
1956,-0.559069,0,13,36
1957,-0.559066,0,13,36
1958,-0.559065,0,13,36
1959,-0.559064,0,13,36
1960,-0.559059,0,13,36
1961,-0.559059,0,13,36
1962,-0.559007,0,13,36
1963,-0.558981,0,13,36
1964,-0.558979,0,13,36
1965,-0.558979,0,13,36
1966,-0.558979,0,13,36
1967,-0.558979,0,13,36
1968,-0.558979,0,13,36
1969,-0.558979,0,13,36
1970,-0.558979,0,13,36
1971,-0.558979,0,13,36
1972,-0.558979,0,13,36
1973,-0.558979,0,13,36
1974,-0.558979,0,13,36
1975,-0.558979,0,13,36
1976,-0.558979,0,13,36
1977,-0.558979,0,13,36
1978,-0.558979,0,13,36
1979,-0.558979,0,13,36
1980,-0.558979,0,13,36
1981,-0.558979,0,13,36
1982,-0.558979,0,13,36
1983,-0.558979,0,13,36
1984,-0.558979,0,13,36
1985,-0.558979,0,13,36
1986,-0.558979,0,13,36
1987,-0.558979,0,13,36
1988,-0.558979,0,13,36
1989,-0.558979,0,13,36
1990,-0.558979,0,13,36
1991,-0.558979,0,13,36
1992,-0.558979,0,13,36
1993,-0.558944,0,13,36
1994,-0.558895,0,13,36
1995,-0.558895,0,13,36
1996,-0.558895,0,13,36
1997,-0.558895,0,13,36
1998,-0.558895,0,13,36
1999,-0.558895,0,13,36
2000,-0.558895,0,13,36
2001,-0.558895,0,13,36
2002,-0.558895,0,13,36
2003,-0.558895,0,13,36
2004,-0.558895,0,13,36
2005,-0.558894,0,13,36
2006,-0.558893,0,13,36
2007,-0.55889,0,13,36
2008,-0.558883,0,13,36
2009,-0.558744,0,13,36
2010,-0.558581,0,13,36
2011,-0.558318,0,13,36
2012,-0.557771,0,13,36
2013,-0.557288,0,13,36
2014,-0.55675,0,13,36
2015,-0.556448,0,13,36
2016,-0.556448,0,13,36
2017,-0.556448,0,13,36
2018,-0.556448,0,13,36
2019,-0.556448,0,13,36
2020,-0.555243,0,13,36
2021,-0.555243,0,13,36
2022,-0.555243,0,13,36
2023,-0.555243,0,13,36
2024,-0.555243,0,13,36
2025,-0.555243,0,13,36
2026,-0.554786,0,13,36
2027,-0.554786,0,13,36
2028,-0.55454,0,13,36
2029,-0.554233,0,13,36
2030,-0.553889,0,13,36
2031,-0.553363,0,13,36
2032,-0.553075,0,13,36
2033,-0.553061,0,13,36
2034,-0.553028,0,13,36
2035,-0.552945,0,13,36
2036,-0.552851,0,13,36
2037,-0.552598,0,13,36
2038,-0.552598,0,13,36
2039,-0.552598,0,13,36
2040,-0.552598,0,13,36
2041,-0.552598,0,13,36
2042,-0.552598,0,13,36
2043,-0.552598,0,13,36
2044,-0.552598,0,13,36
2045,-0.552598,0,13,36
2046,-0.552598,0,13,36
2047,-0.552598,0,13,36
2048,-0.552598,0,13,36
2049,-0.552598,0,13,36
2050,-0.552598,0,13,36
2051,-0.552264,0,13,36
2052,-0.552072,0,13,36
2053,-0.551852,0,13,36
2054,-0.551625,0,13,36
2055,-0.551625,0,13,36
2056,-0.551268,0,13,36
2057,-0.551072,0,13,36
2058,-0.550932,0,13,36
2059,-0.55076,0,13,36
2060,-0.550449,0,13,36
2061,-0.549921,0,13,36
2062,-0.549693,0,13,36
2063,-0.549381,0,13,36
2064,-0.549099,0,13,36
2065,-0.548666,0,13,36
2066,-0.548415,0,13,36
2067,-0.54805,0,13,36
2068,-0.547613,0,13,36
2069,-0.547276,0,13,36
2070,-0.547276,0,13,36
2071,-0.547276,0,13,36
2072,-0.547276,0,13,36
2073,-0.547276,0,13,36
2074,-0.547276,0,13,36
2075,-0.547276,0,13,36
2076,-0.547276,0,14,38
2077,-0.547276,0,14,38
2078,-0.547276,0,14,38
2079,-0.547259,0,14,38
2080,-0.547259,0,14,38
2081,-0.547259,0,14,38
2082,-0.547252,0,14,38
2083,-0.547238,0,14,38
2084,-0.546967,0,14,38
2085,-0.546955,0,14,38
2086,-0.546946,0,14,38
2087,-0.546854,0,14,38
2088,-0.546761,0,14,38
2089,-0.546687,0,14,38
2090,-0.546655,0,14,38
2091,-0.546655,0,14,38
2092,-0.546655,0,14,38
2093,-0.546655,0,14,38
2094,-0.546655,0,14,38
2095,-0.546655,0,14,38
2096,-0.546655,0,14,38
2097,-0.546642,0,14,38
2098,-0.546626,0,14,38
2099,-0.546245,0,14,38
2100,-0.546245,0,14,38
2101,-0.546245,0,14,38
2102,-0.546245,0,13,35
2103,-0.546028,0,13,35
2104,-0.546028,0,13,35
2105,-0.545969,0,13,35
2106,-0.545919,0,13,35
2107,-0.545876,0,13,35
2108,-0.545876,0,13,35
2109,-0.545876,0,13,35
2110,-0.545876,0,13,35
2111,-0.545876,0,13,35
2112,-0.545876,0,13,35
2113,-0.545876,0,13,35
2114,-0.545876,0,13,35
2115,-0.545876,0,13,35
2116,-0.545876,0,13,35
2117,-0.545876,0,13,35
2118,-0.545876,0,13,35
2119,-0.545876,0,13,35
2120,-0.545876,0,13,35
2121,-0.545876,0,13,35
2122,-0.545876,0,13,35
2123,-0.545876,0,13,35
2124,-0.545876,0,13,35
2125,-0.545876,0,13,35
2126,-0.545876,0,13,35
2127,-0.545876,0,13,35
2128,-0.545876,0,13,35
2129,-0.545876,0,13,35
2130,-0.545876,0,13,35
2131,-0.545876,0,13,35
2132,-0.545876,0,13,35
2133,-0.545876,0,13,35
2134,-0.545876,0,13,35
2135,-0.545876,0,13,35
2136,-0.545876,0,13,35
2137,-0.545876,0,13,35
2138,-0.545876,0,13,35
2139,-0.545876,0,13,35
2140,-0.545876,0,13,35
2141,-0.545876,0,13,35
2142,-0.545876,0,13,35
2143,-0.545876,0,13,35
2144,-0.545876,0,13,35
2145,-0.545876,0,13,35
2146,-0.545876,0,13,35
2147,-0.545876,0,13,35
2148,-0.545876,0,13,35
2149,-0.545876,0,13,35
2150,-0.545876,0,13,35
2151,-0.545876,0,13,35
2152,-0.545876,0,13,35
2153,-0.545876,0,13,35
2154,-0.545876,0,13,35
2155,-0.545876,0,13,35
2156,-0.545876,0,13,35
2157,-0.545876,0,13,35
2158,-0.545876,0,13,35
2159,-0.545876,0,13,35
2160,-0.545876,0,13,35
2161,-0.545876,0,13,35
2162,-0.545876,0,13,35
2163,-0.545806,0,13,35
2164,-0.545738,0,13,35
2165,-0.545638,0,13,35
2166,-0.545431,0,13,35
2167,-0.545431,0,13,35
2168,-0.545431,0,13,35
2169,-0.545431,0,13,35
2170,-0.545431,0,13,35
2171,-0.545431,0,13,35
2172,-0.545431,0,13,35
2173,-0.54534,0,13,35
2174,-0.54534,0,13,35
2175,-0.54534,0,13,35
2176,-0.54534,0,13,35
2177,-0.54534,0,13,36
2178,-0.54534,0,13,36
2179,-0.54534,0,13,36
2180,-0.54534,0,13,36
2181,-0.545334,0,13,36
2182,-0.545332,0,13,36
2183,-0.545332,0,13,36
2184,-0.545332,0,13,36
2185,-0.545331,0,13,36
2186,-0.545331,0,13,36
2187,-0.545294,0,13,36
2188,-0.545252,0,13,36
2189,-0.545181,0,13,36
2190,-0.545077,0,13,36
2191,-0.545077,0,13,36
2192,-0.545077,0,13,36
2193,-0.545077,0,13,36
2194,-0.545077,0,13,36
2195,-0.545077,0,13,36
2196,-0.545077,0,13,36
2197,-0.545077,0,13,36
2198,-0.545077,0,13,36
2199,-0.545077,0,13,36
2200,-0.545077,0,13,36
2201,-0.545077,0,13,36
2202,-0.545077,0,13,36
2203,-0.545077,0,13,36
2204,-0.545077,0,13,36
2205,-0.545077,0,13,36
2206,-0.545077,0,13,36
2207,-0.545012,0,13,36
2208,-0.545012,0,13,36
2209,-0.545012,0,13,36
2210,-0.545012,0,13,36
2211,-0.545012,0,13,36
2212,-0.545012,0,13,36
2213,-0.545012,0,13,36
2214,-0.545012,0,13,36
2215,-0.545012,0,13,36
2216,-0.545012,0,13,36
2217,-0.545012,0,13,36
2218,-0.545012,0,13,36
2219,-0.545012,0,13,36
2220,-0.545012,0,13,36
2221,-0.544831,0,13,36
2222,-0.544831,0,13,36
2223,-0.544831,0,13,36
2224,-0.544757,0,13,36
2225,-0.544757,0,13,36
2226,-0.544757,0,13,36
2227,-0.544757,0,13,36
2228,-0.544757,0,13,36
2229,-0.544757,0,13,36
2230,-0.544712,0,13,36
2231,-0.544639,0,13,36
2232,-0.544528,0,13,36
2233,-0.544464,0,13,36
2234,-0.544462,0,13,36
2235,-0.544301,0,13,36
2236,-0.544301,0,13,36
2237,-0.544301,0,13,36
2238,-0.544287,0,13,36
2239,-0.544282,0,13,36
2240,-0.544274,0,13,36
2241,-0.544269,0,13,36
2242,-0.544269,0,13,36
2243,-0.544266,0,13,36
2244,-0.544261,0,13,36
2245,-0.544222,0,13,36
2246,-0.54419,0,13,36
2247,-0.544175,0,13,36
2248,-0.544153,0,13,36
2249,-0.544148,0,13,36
2250,-0.544148,0,13,36
2251,-0.544148,0,13,36
2252,-0.544148,0,13,36
2253,-0.544148,0,13,36
2254,-0.544148,0,13,36
2255,-0.544148,0,13,36
2256,-0.54414,0,13,36
2257,-0.54414,0,13,36
2258,-0.544129,0,13,36
2259,-0.544129,0,13,36
2260,-0.544112,0,13,36
2261,-0.544112,0,13,36
2262,-0.544112,0,13,36
2263,-0.544112,0,13,36
2264,-0.544112,0,13,36
2265,-0.544112,0,13,36
2266,-0.544076,0,13,36
2267,-0.544054,0,13,36
2268,-0.544052,0,13,36
2269,-0.544021,0,13,36
2270,-0.543988,0,13,36
2271,-0.543988,0,13,36
2272,-0.543988,0,13,36
2273,-0.543988,0,13,36
2274,-0.543988,0,13,36
2275,-0.543988,0,13,36
2276,-0.543988,0,13,36
2277,-0.543988,0,13,36
2278,-0.543988,0,13,36
2279,-0.543988,0,13,36
2280,-0.543988,0,13,36
2281,-0.543988,0,13,36
2282,-0.543988,0,13,36
2283,-0.543988,0,13,36
2284,-0.543988,0,13,36
2285,-0.543988,0,13,36
2286,-0.543988,0,13,36
2287,-0.543988,0,13,36
2288,-0.543988,0,13,36
2289,-0.543988,0,13,36
2290,-0.543988,0,13,36
2291,-0.543988,0,13,36
2292,-0.543988,0,13,36
2293,-0.543988,0,13,36
2294,-0.543988,0,13,36
2295,-0.543988,0,13,36
2296,-0.543988,0,13,36
2297,-0.543988,0,13,36
2298,-0.543988,0,13,36
2299,-0.543988,0,13,36
2300,-0.543988,0,13,36
2301,-0.543988,0,13,36
2302,-0.543988,0,13,36
2303,-0.543988,0,13,36
2304,-0.543978,0,13,36
2305,-0.543978,0,13,36
2306,-0.543978,0,13,36
2307,-0.543978,0,13,36
2308,-0.543944,0,13,36
2309,-0.543944,0,13,36
2310,-0.543944,0,13,36
2311,-0.543944,0,13,36
2312,-0.543944,0,13,36
2313,-0.543944,0,13,36
2314,-0.543944,0,13,36
2315,-0.543944,0,13,36
2316,-0.543943,0,13,36
2317,-0.543942,0,13,36
2318,-0.54394,0,13,36
2319,-0.543939,0,13,36
2320,-0.543939,0,13,36
2321,-0.543939,0,13,36
2322,-0.543938,0,13,36
2323,-0.543938,0,13,36
2324,-0.543938,0,13,36
2325,-0.543938,0,13,36
2326,-0.543938,0,13,36
2327,-0.543938,0,13,36
2328,-0.543938,0,13,36
2329,-0.543938,0,13,36
2330,-0.543938,0,13,36
2331,-0.543938,0,13,36
2332,-0.543934,0,13,36
2333,-0.543934,0,13,36
2334,-0.543928,0,13,36
2335,-0.543926,0,13,36
2336,-0.543915,0,13,36
2337,-0.543908,0,13,36
2338,-0.543908,0,13,36
2339,-0.543885,0,13,36
2340,-0.543871,0,13,36
2341,-0.543871,0,13,36
2342,-0.54387,0,13,36
2343,-0.543861,0,13,36
2344,-0.54386,0,13,36
2345,-0.54386,0,13,36
2346,-0.543857,0,13,36
2347,-0.543857,0,13,36
2348,-0.543854,0,13,36
2349,-0.543854,0,13,36
2350,-0.543854,0,13,36
2351,-0.543854,0,13,36
2352,-0.543854,0,13,36
2353,-0.543854,0,13,36
2354,-0.543851,0,13,36
2355,-0.543851,0,13,36
2356,-0.543851,0,13,36
2357,-0.543851,0,13,36
2358,-0.543851,0,13,36
2359,-0.543851,0,13,36
2360,-0.543851,0,13,36
2361,-0.543851,0,13,36
2362,-0.543738,0,13,36
2363,-0.54371,0,13,36
2364,-0.54371,0,13,36
2365,-0.543699,0,13,36
2366,-0.543679,0,13,36
2367,-0.543596,0,13,36
2368,-0.543493,0,13,36
2369,-0.54346,0,13,36
2370,-0.54346,0,13,36
2371,-0.543457,0,13,36
2372,-0.543453,0,13,36
2373,-0.543445,0,13,36
2374,-0.543434,0,13,36
2375,-0.54342,0,13,36
2376,-0.543416,0,13,36
2377,-0.543416,0,13,36
2378,-0.543378,0,13,36
2379,-0.54335,0,13,36
2380,-0.54335,0,13,36
2381,-0.54335,0,13,36
2382,-0.543335,0,13,36
2383,-0.543329,0,13,36
2384,-0.543326,0,13,36
2385,-0.543325,0,13,36
2386,-0.543325,0,13,36
2387,-0.543323,0,13,36
2388,-0.543323,0,13,36
2389,-0.543323,0,13,36
2390,-0.543323,0,13,36
2391,-0.543323,0,13,36
2392,-0.543323,0,13,36
2393,-0.543322,0,13,36
2394,-0.543252,0,13,36
2395,-0.543252,0,13,36
2396,-0.543252,0,13,36
2397,-0.543252,0,13,36
2398,-0.543252,0,13,36
2399,-0.543252,0,13,36
2400,-0.543252,0,13,36
2401,-0.543252,0,13,36
2402,-0.543252,0,13,36
2403,-0.543252,0,13,36
2404,-0.543252,0,13,36
2405,-0.543252,0,13,36
2406,-0.543252,0,13,36
2407,-0.543252,0,13,36
2408,-0.543252,0,13,36
2409,-0.543185,0,13,36
2410,-0.543185,0,13,36
2411,-0.543185,0,13,36
2412,-0.543185,0,13,36
2413,-0.543185,0,13,36
2414,-0.543185,0,13,36
2415,-0.543185,0,13,36
2416,-0.543185,0,13,36
2417,-0.543185,0,13,36
2418,-0.543185,0,13,36
2419,-0.543185,0,13,36
2420,-0.543185,0,13,36
2421,-0.543126,0,13,36
2422,-0.543126,0,13,36
2423,-0.543046,0,13,36
2424,-0.542957,0,13,36
2425,-0.542957,0,13,36
2426,-0.542957,0,13,36
2427,-0.542957,0,13,36
2428,-0.542957,0,13,36
2429,-0.542955,0,13,36
2430,-0.542955,0,14,38
2431,-0.542955,0,14,38
2432,-0.542952,0,14,38
2433,-0.54295,0,14,38
2434,-0.54295,0,14,38
2435,-0.54295,0,14,38
2436,-0.54295,0,14,38
2437,-0.54295,0,14,38
2438,-0.54295,0,14,38
2439,-0.54295,0,14,38
2440,-0.54295,0,14,38
2441,-0.54295,0,14,38
2442,-0.54295,0,14,38
2443,-0.54295,0,14,38
2444,-0.54295,0,14,38
2445,-0.54295,0,14,38
2446,-0.54295,0,14,38
2447,-0.54295,0,14,38
2448,-0.54295,0,14,38
2449,-0.54295,0,14,38
2450,-0.54295,0,14,38
2451,-0.54295,0,14,38
2452,-0.54295,0,14,38
2453,-0.54295,0,14,38
2454,-0.54295,0,14,38
2455,-0.54295,0,14,38
2456,-0.54295,0,14,38
2457,-0.54295,0,14,38
2458,-0.54295,0,14,38
2459,-0.54295,0,14,38
2460,-0.542941,0,14,38
2461,-0.542905,0,14,38
2462,-0.542869,0,14,38
2463,-0.542807,0,14,38
2464,-0.54276,0,14,38
2465,-0.542636,0,14,38
2466,-0.54256,0,14,38
2467,-0.54251,0,14,38
2468,-0.54251,0,14,38
2469,-0.542496,0,14,38
2470,-0.54249,0,14,38
2471,-0.542487,0,14,38
2472,-0.542485,0,14,38
2473,-0.542485,0,14,38
2474,-0.542483,0,14,38
2475,-0.542468,0,14,38
2476,-0.542445,0,14,38
2477,-0.542415,0,14,38
2478,-0.542398,0,14,38
2479,-0.542398,0,14,38
2480,-0.54207,0,14,38
2481,-0.541851,0,14,38
2482,-0.541851,0,14,38
2483,-0.541822,0,14,38
2484,-0.541822,0,14,38
2485,-0.541822,0,14,38
2486,-0.541822,0,14,38
2487,-0.541811,0,14,38
2488,-0.541808,0,14,38
2489,-0.541806,0,14,38
2490,-0.541805,0,14,38
2491,-0.541803,0,14,38
2492,-0.541801,0,14,38
2493,-0.541799,0,14,38
2494,-0.541799,0,14,38
2495,-0.541798,0,14,38
2496,-0.541796,0,14,38
2497,-0.541796,0,14,38
2498,-0.541796,0,14,38
2499,-0.541796,0,14,38
2500,-0.541796,0,14,38
2501,-0.541796,0,14,38
2502,-0.541796,0,14,38
2503,-0.541796,0,14,38
2504,-0.541796,0,14,38
2505,-0.541796,0,14,38
2506,-0.541796,0,14,38
2507,-0.541796,0,14,38
2508,-0.541796,0,14,38
2509,-0.541796,0,14,38
2510,-0.541796,0,14,38
2511,-0.541796,0,14,38
2512,-0.541796,0,14,38
2513,-0.541796,0,14,38
2514,-0.541796,0,14,38
2515,-0.541749,0,14,38
2516,-0.541724,0,14,38
2517,-0.541713,0,14,38
2518,-0.541699,0,14,38
2519,-0.541699,0,14,38
2520,-0.541699,0,14,38
2521,-0.541699,0,14,38
2522,-0.541699,0,14,38
2523,-0.541699,0,14,38
2524,-0.541699,0,14,38
2525,-0.541699,0,14,38
2526,-0.541699,0,14,38
2527,-0.541699,0,14,38
2528,-0.541699,0,14,38
2529,-0.541587,0,14,38
2530,-0.541587,0,14,38
2531,-0.541587,0,14,38
2532,-0.541575,0,14,38
2533,-0.541575,0,14,38
2534,-0.541575,0,14,38
2535,-0.541575,0,14,38
2536,-0.541575,0,14,38
2537,-0.541575,0,14,38
2538,-0.541575,0,14,38
2539,-0.541575,0,14,38
2540,-0.541575,0,14,38
2541,-0.541575,0,14,38
2542,-0.541575,0,14,38
2543,-0.541575,0,14,38
2544,-0.541575,0,14,38
2545,-0.541575,0,14,38
2546,-0.541575,0,14,38
2547,-0.541575,0,14,38
2548,-0.541575,0,14,38
2549,-0.541575,0,14,38
2550,-0.541575,0,14,38
2551,-0.541575,0,14,38
2552,-0.541575,0,14,38
2553,-0.541575,0,14,38
2554,-0.541575,0,14,38
2555,-0.541575,0,14,38
2556,-0.541575,0,14,38
2557,-0.541575,0,14,38
2558,-0.541575,0,14,38
2559,-0.541575,0,14,38
2560,-0.541565,0,14,38
2561,-0.541557,0,14,38
2562,-0.54155,0,14,38
2563,-0.541548,0,14,38
2564,-0.541548,0,14,38
2565,-0.541548,0,14,38
2566,-0.541548,0,14,38
2567,-0.541548,0,14,38
2568,-0.541548,0,14,38
2569,-0.541548,0,14,38
2570,-0.541548,0,14,38
2571,-0.541548,0,14,38
2572,-0.541548,0,14,38
2573,-0.541548,0,14,38
2574,-0.541548,0,14,38
2575,-0.541548,0,14,38
2576,-0.541548,0,14,38
2577,-0.541548,0,14,38
2578,-0.541548,0,14,38
2579,-0.541548,0,14,38
2580,-0.541548,0,14,38
2581,-0.541548,0,14,38
2582,-0.541548,0,14,38
2583,-0.541548,0,14,38
2584,-0.541548,0,14,38
2585,-0.541548,0,14,38
2586,-0.541548,0,14,38
2587,-0.541548,0,14,38
2588,-0.541548,0,14,38
2589,-0.541548,0,14,38
2590,-0.541548,0,14,38
2591,-0.541548,0,14,38
2592,-0.541548,0,14,38
2593,-0.541548,0,14,38
2594,-0.541548,0,14,38
2595,-0.541548,0,14,38
2596,-0.541548,0,14,38
2597,-0.541548,0,14,38
2598,-0.541548,0,14,38
2599,-0.541548,0,14,38
2600,-0.541548,0,14,38
2601,-0.541548,0,14,38
2602,-0.541548,0,14,38
2603,-0.541548,0,14,38
2604,-0.541548,0,14,38
2605,-0.541548,0,14,38
2606,-0.541548,0,14,38
2607,-0.541548,0,14,38
2608,-0.541548,0,14,38
2609,-0.541548,0,14,38
2610,-0.541548,0,14,38
2611,-0.541548,0,14,38
2612,-0.541548,0,14,38
2613,-0.541548,0,14,38
2614,-0.541548,0,14,38
2615,-0.541548,0,14,38
2616,-0.541548,0,14,38
2617,-0.541548,0,14,38
2618,-0.541548,0,14,38
2619,-0.541548,0,14,38
2620,-0.541548,0,14,38
2621,-0.541548,0,14,38
2622,-0.541548,0,14,38
2623,-0.541548,0,14,38
2624,-0.541548,0,14,38
2625,-0.541548,0,14,38
2626,-0.541548,0,14,38
2627,-0.541548,0,14,38
2628,-0.541548,0,14,38
2629,-0.541548,0,14,38
2630,-0.541548,0,14,38
2631,-0.541548,0,14,38
2632,-0.541548,0,14,38
2633,-0.541548,0,14,38
2634,-0.541548,0,14,38
2635,-0.541548,0,14,38
2636,-0.541548,0,14,38
2637,-0.541548,0,14,38
2638,-0.541548,0,14,38
2639,-0.541548,0,14,38
2640,-0.541548,0,14,38
2641,-0.541512,0,14,38
2642,-0.541512,0,14,38
2643,-0.541512,0,14,38
2644,-0.541512,0,14,38
2645,-0.541512,0,14,38
2646,-0.541512,0,14,38
2647,-0.541512,0,14,38
2648,-0.541512,0,14,38
2649,-0.541512,0,14,38
2650,-0.541512,0,14,38
2651,-0.541512,0,14,38
2652,-0.541512,0,14,38
2653,-0.541512,0,14,38
2654,-0.541512,0,14,38
2655,-0.541512,0,14,38
2656,-0.541512,0,14,38
2657,-0.541512,0,14,38
2658,-0.541512,0,14,38
2659,-0.541512,0,14,38
2660,-0.541512,0,14,38
2661,-0.541512,0,14,38
2662,-0.541512,0,14,38
2663,-0.541512,0,14,38
2664,-0.541512,0,14,38
2665,-0.541512,0,14,38
2666,-0.540494,0,14,38
2667,-0.540494,0,14,38
2668,-0.540494,0,14,38
2669,-0.540494,0,14,38
2670,-0.540357,0,14,38
2671,-0.540357,0,14,38
2672,-0.540357,0,14,38
2673,-0.540357,0,14,38
2674,-0.540357,0,14,38
2675,-0.540357,0,14,38
2676,-0.540357,0,14,38
2677,-0.540357,0,14,38
2678,-0.540357,0,14,38
2679,-0.540357,0,14,38
2680,-0.540357,0,14,38
2681,-0.540357,0,14,38
2682,-0.540357,0,14,38
2683,-0.540284,0,14,38
2684,-0.540284,0,14,38
2685,-0.540159,0,14,38
2686,-0.540159,0,14,38
2687,-0.540062,0,14,38
2688,-0.540008,0,14,38
2689,-0.539618,0,14,38
2690,-0.539476,0,14,38
2691,-0.538566,0,14,38
2692,-0.538566,0,14,38
2693,-0.538566,0,14,38
2694,-0.538523,0,14,38
2695,-0.538523,0,14,38
2696,-0.538523,0,14,38
2697,-0.538523,0,14,38
2698,-0.538523,0,14,38
2699,-0.538523,0,14,38
2700,-0.538523,0,14,38
2701,-0.538523,0,14,38
2702,-0.538523,0,14,38
2703,-0.538523,0,14,38
2704,-0.538523,0,14,38
2705,-0.538523,0,14,38
2706,-0.538523,0,14,38
2707,-0.538523,0,14,38
2708,-0.538523,0,13,36
2709,-0.538523,0,13,36
2710,-0.538417,0,13,36
2711,-0.538417,0,13,36
2712,-0.538417,0,13,36
2713,-0.538417,0,13,36
2714,-0.538417,0,13,36
2715,-0.538417,0,13,36
2716,-0.538417,0,13,36
2717,-0.538417,0,13,36
2718,-0.538417,0,13,36
2719,-0.538417,0,13,36
2720,-0.538417,0,13,36
2721,-0.538417,0,13,36
2722,-0.538417,0,13,36
2723,-0.538417,0,13,36
2724,-0.537688,0,13,36
2725,-0.537688,0,13,36
2726,-0.537688,0,13,36
2727,-0.537671,0,13,36
2728,-0.537635,0,13,36
2729,-0.537624,0,13,36
2730,-0.537624,0,13,36
2731,-0.537624,0,13,36
2732,-0.537624,0,13,36
2733,-0.537624,0,13,36
2734,-0.537624,0,13,36
2735,-0.537624,0,13,36
2736,-0.53762,0,13,36
2737,-0.53762,0,13,36
2738,-0.53762,0,13,36
2739,-0.53762,0,13,36
2740,-0.53762,0,13,36
2741,-0.537403,0,13,36
2742,-0.537396,0,13,36
2743,-0.537396,0,13,36
2744,-0.537394,0,13,36
2745,-0.53739,0,13,36
2746,-0.537388,0,13,36
2747,-0.537388,0,13,36
2748,-0.537388,0,13,36
2749,-0.537388,0,13,36
2750,-0.537388,0,13,36
2751,-0.537388,0,13,36
2752,-0.537388,0,13,36
2753,-0.537388,0,13,36
2754,-0.537388,0,13,36
2755,-0.537388,0,13,36
2756,-0.537388,0,13,36
2757,-0.537388,0,13,36
2758,-0.537388,0,14,38
2759,-0.537388,0,14,38
2760,-0.536976,0,14,38
2761,-0.536976,0,14,38
2762,-0.536763,0,14,38
2763,-0.536763,0,14,38
2764,-0.536683,0,14,38
2765,-0.536683,0,14,38
2766,-0.536645,0,14,38
2767,-0.536645,0,14,38
2768,-0.536624,0,14,38
2769,-0.536624,0,14,38
2770,-0.536624,0,14,38
2771,-0.536623,0,14,38
2772,-0.536621,0,14,38
2773,-0.536384,0,14,38
2774,-0.536377,0,14,38
2775,-0.536377,0,14,38
2776,-0.536377,0,14,38
2777,-0.536354,0,14,38
2778,-0.536354,0,14,38
2779,-0.536285,0,14,38
2780,-0.536233,0,14,38
2781,-0.536229,0,14,38
2782,-0.536229,0,14,38
2783,-0.536216,0,14,38
2784,-0.536216,0,14,38
2785,-0.536216,0,14,38
2786,-0.53621,0,14,38
2787,-0.53621,0,14,38
2788,-0.536207,0,14,38
2789,-0.536207,0,14,38
2790,-0.536207,0,14,38
2791,-0.536207,0,14,38
2792,-0.536207,0,14,38
2793,-0.536207,0,14,38
2794,-0.536207,0,14,38
2795,-0.536207,0,14,38
2796,-0.536207,0,14,38
2797,-0.536207,0,14,38
2798,-0.536207,0,14,38
2799,-0.536207,0,14,38
2800,-0.536207,0,14,38
2801,-0.536207,0,14,38
2802,-0.536207,0,14,38
2803,-0.536207,0,14,38
2804,-0.536207,0,14,38
2805,-0.536207,0,14,38
2806,-0.536207,0,14,38
2807,-0.536207,0,14,38
2808,-0.536207,0,14,38
2809,-0.536207,0,14,38
2810,-0.536207,0,14,38
2811,-0.536207,0,14,38
2812,-0.536207,0,14,38
2813,-0.536207,0,14,38
2814,-0.536207,0,14,38
2815,-0.536207,0,14,38
2816,-0.536207,0,14,38
2817,-0.536207,0,14,38
2818,-0.536207,0,14,38
2819,-0.536207,0,14,38
2820,-0.536207,0,14,38
2821,-0.536207,0,14,38
2822,-0.536207,0,14,38
2823,-0.536207,0,14,38
2824,-0.536207,0,14,38
2825,-0.536207,0,14,38
2826,-0.536207,0,14,38
2827,-0.536207,0,14,38
2828,-0.536207,0,14,38
2829,-0.536207,0,14,38
2830,-0.536207,0,14,38
2831,-0.536207,0,14,38
2832,-0.536207,0,14,38
2833,-0.536207,0,14,38
2834,-0.536207,0,14,38
2835,-0.536207,0,14,38
2836,-0.536201,0,14,38
2837,-0.536201,0,14,38
2838,-0.536179,0,14,38
2839,-0.536168,0,14,38
2840,-0.536159,0,14,38
2841,-0.536159,0,14,38
2842,-0.536151,0,14,38
2843,-0.536151,0,14,38
2844,-0.536145,0,14,38
2845,-0.536145,0,14,38
2846,-0.536145,0,14,38
2847,-0.536145,0,14,38
2848,-0.536145,0,14,38
2849,-0.536145,0,14,38
2850,-0.536144,0,14,38
2851,-0.536142,0,14,38
2852,-0.53614,0,14,38
2853,-0.536139,0,14,38
2854,-0.536139,0,14,38
2855,-0.536136,0,14,38
2856,-0.536136,0,14,38
2857,-0.536136,0,14,38
2858,-0.536136,0,14,38
2859,-0.536136,0,14,38
2860,-0.536136,0,14,38
2861,-0.536136,0,14,38
2862,-0.536136,0,14,38
2863,-0.535994,0,14,38
2864,-0.535994,0,14,38
2865,-0.535994,0,14,38
2866,-0.535994,0,14,38
2867,-0.535994,0,14,38
2868,-0.535994,0,14,38
2869,-0.535935,0,14,38
2870,-0.535932,0,14,38
2871,-0.535932,0,14,38
2872,-0.535932,0,14,38
2873,-0.535878,0,14,38
2874,-0.535813,0,14,38
2875,-0.535702,0,14,38
2876,-0.535702,0,14,38
2877,-0.535702,0,14,38
2878,-0.535582,0,14,38
2879,-0.535582,0,14,38
2880,-0.535398,0,14,38
2881,-0.535398,0,14,38
2882,-0.535398,0,14,38
2883,-0.535398,0,14,38
2884,-0.535398,0,14,39
2885,-0.535398,0,14,39
2886,-0.535321,0,14,39
2887,-0.535321,0,14,39
2888,-0.535319,0,14,39
2889,-0.535319,0,14,39
2890,-0.535319,0,14,39
2891,-0.535319,0,14,39
2892,-0.535319,0,14,39
2893,-0.535319,0,14,39
2894,-0.535319,0,14,39
2895,-0.535319,0,14,39
2896,-0.535319,0,14,39
2897,-0.535319,0,14,39
2898,-0.535319,0,14,39
2899,-0.535319,0,14,39
2900,-0.535319,0,14,39
2901,-0.535319,0,14,39
2902,-0.535319,0,14,39
2903,-0.535319,0,14,39
2904,-0.535319,0,14,39
2905,-0.535319,0,14,39
2906,-0.535319,0,14,39
2907,-0.535319,0,14,39
2908,-0.535319,0,14,39
2909,-0.535319,0,14,39
2910,-0.535319,0,14,39
2911,-0.535319,0,14,39
2912,-0.535319,0,14,39
2913,-0.535318,0,14,39
2914,-0.535318,0,14,39
2915,-0.535318,0,14,39
2916,-0.535318,0,14,39
2917,-0.535318,0,14,39
2918,-0.535318,0,14,39
2919,-0.535318,0,14,39
2920,-0.535318,0,14,39
2921,-0.535318,0,14,39
2922,-0.535318,0,14,39
2923,-0.535318,0,14,39
2924,-0.535318,0,14,39
2925,-0.535318,0,14,39
2926,-0.535318,0,14,39
2927,-0.535318,0,14,39
2928,-0.535318,0,14,39
2929,-0.535318,0,14,39
2930,-0.535318,0,14,39
2931,-0.535318,0,14,39
2932,-0.535318,0,14,39
2933,-0.535318,0,14,39
2934,-0.535318,0,14,39
2935,-0.535318,0,14,39
2936,-0.535318,0,14,39
2937,-0.535318,0,14,39
2938,-0.535318,0,14,39
2939,-0.535318,0,14,39
2940,-0.535275,0,14,39
2941,-0.535275,0,14,39
2942,-0.535218,0,14,39
2943,-0.535164,0,14,39
2944,-0.53501,0,14,39
2945,-0.534972,0,14,39
2946,-0.534972,0,14,39
2947,-0.534882,0,14,39
2948,-0.534786,0,14,39
2949,-0.534734,0,14,39
2950,-0.534734,0,14,39
2951,-0.534734,0,14,39
2952,-0.534547,0,14,39
2953,-0.534547,0,14,39
2954,-0.534429,0,14,39
2955,-0.534414,0,14,39
2956,-0.534414,0,14,39
2957,-0.534414,0,14,39
2958,-0.534413,0,14,39
2959,-0.534413,0,14,39
2960,-0.534413,0,14,39
2961,-0.534413,0,14,39
2962,-0.534413,0,14,41
2963,-0.534413,0,14,41
2964,-0.534407,0,14,41
2965,-0.534378,0,14,41
2966,-0.534378,0,14,41
2967,-0.534357,0,14,41
2968,-0.534356,0,14,41
2969,-0.534356,0,14,41
2970,-0.534346,0,14,41
2971,-0.534335,0,14,41
2972,-0.534325,0,14,41
2973,-0.534161,0,14,41
2974,-0.534161,0,14,41
2975,-0.533841,0,14,41
2976,-0.53381,0,14,41
2977,-0.533757,0,14,41
2978,-0.533677,0,14,41
2979,-0.533537,0,14,41
2980,-0.533537,0,14,41
2981,-0.533525,0,14,41
2982,-0.533512,0,14,41
2983,-0.533507,0,14,41
2984,-0.533507,0,14,41
2985,-0.533505,0,14,41
2986,-0.533502,0,14,41
2987,-0.533485,0,14,41
2988,-0.533464,0,14,41
2989,-0.533464,0,14,41
2990,-0.533464,0,14,41
2991,-0.533459,0,14,41
2992,-0.533341,0,14,41
2993,-0.533331,0,14,41
2994,-0.532973,0,14,41
2995,-0.532777,0,14,41
2996,-0.532777,0,14,41
2997,-0.532777,0,14,41
2998,-0.532777,0,14,41
2999,-0.532777,0,14,41
3000,-0.532777,0,15,43
